PLACA;RENAVAM;CHASSIS;NUM_DOCUMENTO;DT_ULT_CONSULTA_DETRAN;STATUS_LICENCIAMENTO;DT_ULT_CONSULTA_MULTAS;STATUS_MULTAS
RRP8H18;1317815235;97T0BN422N2009926        ;10425282003490;2025-08-08 07:32:39;ERRO - invalid-input-response;2025-08-08 07:32:39;ERRO-captcha
RRN8C88;1302880923;8AJDA3CD1N1826343        ;10425282004209;2025-08-08 07:33:31;ERRO - Documento N/ Confere;2025-08-08 07:33:31;ERRO-Doc
RRR5C58;1322240563;9BD281B9JPYX92575        ;10425282004209;2025-08-08 07:40:46;ERRO - invalid-input-response;2025-08-08 07:40:46;ERRO-captcha
RRS7A98;1325278480;9BWJL45U3PP022421        ;10425282004209;2025-08-08 07:46:08;ERRO - Documento N/ Confere;2025-08-08 07:46:08;ERRO-Doc
RRS7C08;1325280175;9BWJL45U1PP022837        ;10425282004209;2025-08-08 07:48:48;ERRO - Documento N/ Confere;2025-08-08 07:48:48;ERRO-Doc
RRS7C18;1325280361;9BWJL45U6PP022820        ;10425282004209;2025-08-08 07:49:41;ERRO - Documento N/ Confere;2025-08-08 07:49:41;ERRO-Doc
RRW5F68;1353978173;9BM963414PB330218        ;59970624002985;2025-08-08 07:50:55;ERRO - invalid-input-response;2025-08-08 07:50:55;ERRO-captcha
BDR1788;522409407;9BFXXXLM3JDB76187        ;10425282004896;2025-08-08 07:54:04;ERRO - invalid-input-response;2025-08-08 07:54:04;ERRO-captcha
QCX8E58;1140298272;9ADG1133HJM418508        ;10425282002095;2025-08-08 07:55:17;ERRO - invalid-input-response;2025-08-08 07:55:17;ERRO-captcha
OAT5518;409860026;9A9BA2533CCDJ5577        ;10425282000122;2025-08-08 07:57:25;ERRO - invalid-input-response;2025-08-08 07:57:25;ERRO-captcha
SPM9F98;1403538546;97TZAD643RC000131        ;10425282003652;2025-08-08 07:59:29;ERRO - invalid-input-response;2025-08-08 07:59:29;ERRO-captcha
RRV5J78;1332120900;9BVRG40D1NE930403        ;10425282003733;2025-08-08 08:06:22;ERRO - invalid-input-response;2025-08-08 08:06:22;ERRO-captcha
GFR4088;113320937;9BM979277HB068477        ;10425282004209;2025-08-08 08:18:15;ERRO - Renavam Invalido;2025-08-08 08:18:15;ERRO-Renavam
SPJ8J68;1399074323;97TZAD643RC000118        ;10425282003490;2025-08-08 08:19:28;ERRO - invalid-input-response;2025-08-08 08:19:28;ERRO-captcha
RRS7C78;1325282151;9BWJL45U9PP022844        ;10425282004209;2025-08-08 08:29:52;ERRO - Documento N/ Confere;2025-08-08 08:29:52;ERRO-Doc
QCO9B78;1131204627;93ZS3HSH0H8829352        ;10425282002095;2025-08-08 08:49:26;ERRO - invalid-input-response;2025-08-08 08:49:26;ERRO-captcha
QCI6C08;1207919451;9BVRG40D5LE875785        ;10425282003652;2025-08-08 09:06:06;ERRO - invalid-input-response;2025-08-08 09:06:06;ERRO-captcha
QCN6618;1216301864;9BG148FK0LC430733        ;7655514000205;2025-08-08 09:06:58;ERRO - Documento N/ Confere;2025-08-08 09:06:58;ERRO-Doc
QCE2F08;1202290644;9BSR6X400K3959320        ;10425282003733;2025-08-08 09:08:12;ERRO - invalid-input-response;2025-08-08 09:08:12;ERRO-captcha
RAT1J88;1250567863;9BVRG10D2ME892776        ;10425282004624;2025-08-08 09:09:27;ERRO - invalid-input-response;2025-08-08 09:09:27;ERRO-captcha
RAO4J18;1238692750;WV1DB42H9LA020161        ;10425282003229;2025-08-08 09:10:21;ERRO - Documento N/ Confere;2025-08-08 09:10:21;ERRO-Doc
RRL9J38;1300675796;9C2KD0810NR207353        ;10425282004209;2025-08-08 09:17:07;ERRO - invalid-input-response;2025-08-08 09:17:07;ERRO-captcha
RRN6E98;1302796345;8AJDA3CDXN1826451        ;10425282003490;2025-08-08 09:21:40;ERRO - invalid-input-response;2025-08-08 09:21:40;ERRO-captcha
RAO5D38;1238701121;WV1DB42H0LA020310        ;10425282004209;2025-08-08 09:28:29;ERRO - Documento N/ Confere;2025-08-08 09:28:29;ERRO-Doc
RRR5D28;1322242086;9BD281B9JPYX92589        ;10425282004209;2025-08-08 09:58:21;ERRO - Documento N/ Confere;2025-08-08 09:58:21;ERRO-Doc
RRS7C38;1325281066;9BWJL45U8PP022804        ;10425282004209;2025-08-08 10:02:00;ERRO - Documento N/ Confere;2025-08-08 10:02:00;ERRO-Doc
RRS7C98;1325282437;9BWJL45U4PP022931        ;10425282004209;2025-08-08 10:02:50;ERRO - Documento N/ Confere;2025-08-08 10:02:50;ERRO-Doc
KZX6778;899374689;9BM6882766B492635        ;10425282003571;2025-08-08 10:49:28;ERRO - invalid-input-response;2025-08-08 10:49:28;ERRO-captcha
DXH2D68;922532915;9BSP6X4B073606279        ;10425282003652;2025-08-08 10:51:37;ERRO - invalid-input-response;2025-08-08 10:51:37;ERRO-captcha
SPJ8I88;1399072169;97TZAD643R2000013        ;10425282003490;2025-08-08 10:55:44;ERRO - invalid-input-response;2025-08-08 10:55:44;ERRO-captcha
QCX6H98;1140249735;9ADG1133HJM417066        ;10425282002095;2025-08-08 10:56:56;ERRO - invalid-input-response;2025-08-08 10:56:56;ERRO-captcha
SPJ8E38;1399062600;97TZAT663R2000019        ;10425282003490;2025-08-08 11:05:06;ERRO - invalid-input-response;2025-08-08 11:05:06;ERRO-captcha
QCI4E98;1207769328;97T0AN663LC007389        ;10425282006597;2025-08-08 11:18:51;ERRO - invalid-input-response;2025-08-08 11:18:51;ERRO-captcha
EDL7348;128324970;94BN080299R001673        ;10425282003490;2025-08-08 12:08:25;ERRO - invalid-input-response;2025-08-08 12:08:25;ERRO-captcha
SPJ5H58;1398957655;97TZAT663RC000112        ;10425282003490;2025-08-08 12:10:27;ERRO - invalid-input-response;2025-08-08 12:10:27;ERRO-captcha
DXH2D38;919931294;9BSP6X4B073606326        ;10425282003652;2025-08-08 12:23:03;ERRO - Documento N/ Confere;2025-08-08 12:23:03;ERRO-Doc
MGF9878;0;9A9V1363071AU3130        ;10425282003814;2025-08-08 12:33:32;ERRO - N/ emplacado base local;2025-08-08 12:33:32;ERRO-baseLoc
QCB8058;1130139961;9C2KD1000HR033530        ;10425282004209;2025-08-08 12:41:34;ERRO - Documento N/ Confere;2025-08-08 12:41:34;ERRO-Doc
SGB9D78;0;                         ;10425282006325;2025-08-08 12:42:46;ERRO - invalid-input-response;2025-08-08 12:42:46;ERRO-captcha
RRN8C18;1302879283;8AJDA3CD7N1826391        ;10425282003814;2025-08-08 12:51:16;ERRO - Documento N/ Confere;2025-08-08 12:51:16;ERRO-Doc
