PLACA;RENAVAM;CHASSIS;NUM_DOCUMENTO;DT_ULT_CONSULTA_DETRAN;STATUS_LICENCIAMENTO;DT_ULT_CONSULTA_MULTAS;STATUS_MULTAS
QCE2E58;1202287996;9BSR6X400K3959296        ;10425282003733;2025-07-12 07:56:26;ERRO - invalid-input-response;2025-07-12 07:56:26;ERRO-captcha
QCE2E68;1202288763;9BSR6X400K3959298        ;10425282003733;2025-07-12 07:57:00;ERRO - invalid-input-response;2025-07-12 07:57:00;ERRO-captcha
RRV2H68;1331422598;9882261RMPKE97361        ;10425282003652;2025-07-12 07:57:36;ERRO - invalid-input-response;2025-07-12 07:57:36;ERRO-captcha
RRP8C18;1317798420;97T0BN422N2009925        ;10425282003490;2025-07-12 07:58:10;ERRO - invalid-input-response;2025-07-12 07:58:10;ERRO-captcha
LZK0408;688986137;9BFYTARBXVDB67267        ;10425282004896;2025-07-12 08:00:31;ERRO - invalid-input-response;2025-07-12 08:00:31;ERRO-captcha
GVQ7908;964931630;9BWRL82W28R827476        ;10425282000122;2025-07-12 08:01:09;ERRO - invalid-input-response;2025-07-12 08:01:09;ERRO-captcha
OAT5H28;409985163;9A9BA2533CCDJ5593        ;10425282000122;2025-07-12 08:01:47;ERRO - invalid-input-response;2025-07-12 08:01:47;ERRO-captcha
QCO9B28;1131204244;93ZS3HSH0H8829350        ;10425282002095;2025-07-12 08:02:21;ERRO - invalid-input-response;2025-07-12 08:02:21;ERRO-captcha
SPJ8E98;1399064980;97TZAD643R2000012        ;10425282003490;2025-07-12 08:02:57;ERRO - invalid-input-response;2025-07-12 08:02:57;ERRO-captcha
NPC7A28;158722990;9A9S23DPS91AH8598        ;10425282004896;2025-07-12 08:03:33;ERRO - invalid-input-response;2025-07-12 08:03:33;ERRO-captcha
RRP8B78;1317797997;97TD0N412N2007575        ;10425282003490;2025-07-12 08:04:07;ERRO - invalid-input-response;2025-07-12 08:04:07;ERRO-captcha
SPJ8C78;1399057909;97TZAT663R2000009        ;10425282003490;2025-07-12 08:04:42;ERRO - invalid-input-response;2025-07-12 08:04:42;ERRO-captcha
QBL0J48;1015420475;93KK0R1D1DE144416        ;10425282000122;2025-07-12 08:05:19;ERRO - invalid-input-response;2025-07-12 08:05:19;ERRO-captcha
SPJ8I98;1399072428;97TZAT663RC000108        ;10425282003490;2025-07-12 08:05:52;ERRO - invalid-input-response;2025-07-12 08:05:52;ERRO-captcha
RRS7B18;1325278790;9BWJL45U1PP022417        ;10425282004209;2025-07-12 08:06:29;ERRO - invalid-input-response;2025-07-12 08:06:29;ERRO-captcha
SPJ9D08;1399083772;97TZAD643R2000011        ;10425282003490;2025-07-12 08:07:05;ERRO - invalid-input-response;2025-07-12 08:07:05;ERRO-captcha
RAT2A58;1250570074;9BVRG10D9ME893137        ;10425282004624;2025-07-12 08:09:33;ERRO - invalid-input-response;2025-07-12 08:09:33;ERRO-captcha
RRP8H48;1317816266;97TD0N412N2007574        ;10425282003652;2025-07-12 08:10:20;ERRO - invalid-input-response;2025-07-12 08:10:20;ERRO-captcha
HRO4248;414046790;1206403734               ;10425282004896;2025-07-12 08:11:00;ERRO - invalid-input-response;2025-07-12 08:11:00;ERRO-captcha
SPM9E98;1403536462;97TZAT663RC000123        ;10425282003652;2025-07-12 08:11:37;ERRO - invalid-input-response;2025-07-12 08:11:37;ERRO-captcha
OAT5B28;409741639;9A9BA2533CCDJ5586        ;10425282000122;2025-07-12 08:12:14;ERRO - invalid-input-response;2025-07-12 08:12:14;ERRO-captcha
RRS7C68;1325281856;9BWJL45U8PP022852        ;10425282004209;2025-07-12 08:12:52;ERRO - invalid-input-response;2025-07-12 08:12:52;ERRO-captcha
AGX4718;516366475;34403212055933           ;10425282004896;2025-07-12 08:13:32;ERRO - invalid-input-response;2025-07-12 08:13:32;ERRO-captcha
SPI9F28;1398734249;9BVRT60D8RE605666        ;10425282003652;2025-07-12 08:14:11;ERRO - invalid-input-response;2025-07-12 08:14:11;ERRO-captcha
NJQ1D48;117165778;9AA21082C9C082030        ;10425282004209;2025-07-12 08:14:46;ERRO - invalid-input-response;2025-07-12 08:14:46;ERRO-captcha
QCI4F28;1207770750;97T0AN663LC007388        ;10425282006597;2025-07-12 08:15:44;ERRO - invalid-input-response;2025-07-12 08:15:44;ERRO-captcha
RRN7J58;1302870987;8AJDA3CD0N1826412        ;10425282003733;2025-07-12 08:16:20;ERRO - invalid-input-response;2025-07-12 08:16:20;ERRO-captcha
RRP8H18;1317815235;97T0BN422N2009926        ;10425282003490;2025-07-12 08:16:56;ERRO - invalid-input-response;2025-07-12 08:16:56;ERRO-captcha
RRN8C88;1302880923;8AJDA3CD1N1826343        ;10425282004209;2025-07-12 08:17:29;ERRO - invalid-input-response;2025-07-12 08:17:29;ERRO-captcha
RRP8H68;1317817777;97T0BN422N2009923        ;10425282003652;2025-07-12 08:18:03;ERRO - invalid-input-response;2025-07-12 08:18:03;ERRO-captcha
RRR5B28;1322238372;9882261RMPKE92951        ;10425282004209;2025-07-12 08:18:39;ERRO - invalid-input-response;2025-07-12 08:18:39;ERRO-captcha
RRR5B58;1322238976;9BD281B9JPYX91596        ;10425282004209;2025-07-12 08:19:18;ERRO - invalid-input-response;2025-07-12 08:19:18;ERRO-captcha
RRR5B78;1322239280;9BD281B9JPYX91821        ;10425282004209;2025-07-12 08:19:57;ERRO - invalid-input-response;2025-07-12 08:19:57;ERRO-captcha
RRR5C18;1322239913;9BD281B9JPYX92394        ;10425282004209;2025-07-12 08:20:34;ERRO - invalid-input-response;2025-07-12 08:20:34;ERRO-captcha
RRR5C58;1322240563;9BD281B9JPYX92575        ;10425282004209;2025-07-12 08:21:10;ERRO - invalid-input-response;2025-07-12 08:21:10;ERRO-captcha
RRR5C78;1322241519;9BD281B9JPYX92584        ;10425282004209;2025-07-12 08:21:47;ERRO - invalid-input-response;2025-07-12 08:21:47;ERRO-captcha
RRR5C88;1322241721;9BD281B9JPYX92585        ;10425282004209;2025-07-12 08:22:25;ERRO - invalid-input-response;2025-07-12 08:22:25;ERRO-captcha
RRR5A98;1322237945;9882261RMPKE92953        ;10425282004209;2025-07-12 08:23:01;ERRO - invalid-input-response;2025-07-12 08:23:01;ERRO-captcha
RRS7A98;1325278480;9BWJL45U3PP022421        ;10425282004209;2025-07-12 08:26:43;ERRO - invalid-input-response;2025-07-12 08:26:43;ERRO-captcha
RRS7B38;1325279002;9BWJL45U4PP022413        ;10425282004209;2025-07-12 08:27:18;ERRO - invalid-input-response;2025-07-12 08:27:18;ERRO-captcha
RRS7B88;1325279835;9BWJL45U9PP022245        ;10425282004209;2025-07-12 08:27:54;ERRO - invalid-input-response;2025-07-12 08:27:54;ERRO-captcha
RRS7C08;1325280175;9BWJL45U1PP022837        ;10425282004209;2025-07-12 08:28:29;ERRO - invalid-input-response;2025-07-12 08:28:29;ERRO-captcha
RRS7C18;1325280361;9BWJL45U6PP022820        ;10425282004209;2025-07-12 08:29:05;ERRO - invalid-input-response;2025-07-12 08:29:05;ERRO-captcha
RRW5F68;1353978173;9BM963414PB330218        ;59970624002985;2025-07-12 08:29:43;ERRO - invalid-input-response;2025-07-12 08:29:43;ERRO-captcha
SFA7D18;1372982296;9A9V1523PRMFW4296        ;10425282003490;2025-07-12 08:30:20;ERRO - invalid-input-response;2025-07-12 08:30:20;ERRO-captcha
RRN3C18;1302625087;9BM963414NB244858        ;10425282003490;2025-07-12 08:30:58;ERRO - invalid-input-response;2025-07-12 08:30:58;ERRO-captcha
BDR1788;522409407;9BFXXXLM3JDB76187        ;10425282004896;2025-07-12 08:31:34;ERRO - invalid-input-response;2025-07-12 08:31:34;ERRO-captcha
QCX8E58;1140298272;9ADG1133HJM418508        ;10425282002095;2025-07-12 08:32:11;ERRO - invalid-input-response;2025-07-12 08:32:11;ERRO-captcha
QCK0G48;1214936986;97T0AN663LC007681        ;10425282003652;2025-07-12 08:32:47;ERRO - invalid-input-response;2025-07-12 08:32:47;ERRO-captcha
OAT5518;409860026;9A9BA2533CCDJ5577        ;10425282000122;2025-07-12 08:33:56;ERRO - invalid-input-response;2025-07-12 08:33:56;ERRO-captcha
DXH1D78;924276835;9BSP6X4B073606384        ;10425282003652;2025-07-12 08:34:33;ERRO - invalid-input-response;2025-07-12 08:34:33;ERRO-captcha
SPM9F98;1403538546;97TZAD643RC000131        ;10425282003652;2025-07-12 08:35:10;ERRO - invalid-input-response;2025-07-12 08:35:10;ERRO-captcha
RRN8A98;1302874320;8AJDA3CD5N1826213        ;10425282003814;2025-07-12 08:35:45;ERRO - invalid-input-response;2025-07-12 08:35:45;ERRO-captcha
QCE2C08;1202262560;9BSR6X400K3959250        ;10425282004624;2025-07-12 08:36:20;ERRO - invalid-input-response;2025-07-12 08:36:20;ERRO-captcha
SPI9F78;1398734745;9BVRT60D2RE605771        ;10425282003652;2025-07-12 08:37:33;ERRO - invalid-input-response;2025-07-12 08:37:33;ERRO-captcha
DXZ8618;956954448;94BN080278R001314        ;10425282003814;2025-07-12 08:38:09;ERRO - invalid-input-response;2025-07-12 08:38:09;ERRO-captcha
SPJ9C28;1399081419;97TZAD643R2000014        ;10425282003490;2025-07-12 08:38:44;ERRO - invalid-input-response;2025-07-12 08:38:44;ERRO-captcha
SPM9F38;1403537256;97TZAD643RC000129        ;10425282003652;2025-07-12 08:39:22;ERRO - invalid-input-response;2025-07-12 08:39:22;ERRO-captcha
RRV5J78;1332120900;9BVRG40D1NE930403        ;10425282003733;2025-07-12 08:41:13;ERRO - invalid-input-response;2025-07-12 08:41:13;ERRO-captcha
CDL8748;703771310;9BWY2TGFXWRB07661        ;10425282003490;2025-07-12 08:41:49;ERRO - invalid-input-response;2025-07-12 08:41:49;ERRO-captcha
QCO9A48;1131203116;93ZS3HSH0H8829311        ;10425282002095;2025-07-12 08:42:22;ERRO - invalid-input-response;2025-07-12 08:42:22;ERRO-captcha
SPJ8J28;1399073475;97TZAD643RC000116        ;10425282003490;2025-07-12 08:42:58;ERRO - invalid-input-response;2025-07-12 08:42:58;ERRO-captcha
QCB5H08;1129956609;9C2KD1000HR036679        ;10425282004462;2025-07-12 08:44:13;ERRO - invalid-input-response;2025-07-12 08:44:13;ERRO-captcha
RRP8C48;1317795382;97TD0N412N2007579        ;10425282003490;2025-07-12 08:45:28;ERRO - invalid-input-response;2025-07-12 08:45:28;ERRO-captcha
RRP8D18;1317799108;97TRBD442N2002708        ;10425282003652;2025-07-12 08:46:02;ERRO - invalid-input-response;2025-07-12 08:46:02;ERRO-captcha
RRS7B98;1325279991;9BWJL45U9PP022696        ;10425282004209;2025-07-12 08:46:39;ERRO - invalid-input-response;2025-07-12 08:46:39;ERRO-captcha
QCX6I38;1140251063;9ADG0933HJM418158        ;10425282002095;2025-07-12 08:47:15;ERRO - invalid-input-response;2025-07-12 08:47:15;ERRO-captcha
QCO8508;1131204945;93ZS3HSH0H8829276        ;10425282002095;2025-07-12 08:48:01;ERRO - invalid-input-response;2025-07-12 08:48:01;ERRO-captcha
QCB8B48;1130141435;9C2KD1000HR101479        ;10425282004462;2025-07-12 08:49:14;ERRO - invalid-input-response;2025-07-12 08:49:14;ERRO-captcha
GFR4088;113320937;9BM979277HB068477        ;10425282004209;2025-07-12 08:49:50;ERRO - invalid-input-response;2025-07-12 08:49:50;ERRO-captcha
SPJ8J68;1399074323;97TZAD643RC000118        ;10425282003490;2025-07-12 08:51:37;ERRO - invalid-input-response;2025-07-12 08:51:37;ERRO-captcha
SPI9E68;1398733218;9BVRT60D2RE605664        ;10425282003652;2025-07-12 08:52:14;ERRO - invalid-input-response;2025-07-12 08:52:14;ERRO-captcha
SPM8H68;1403490535;97TZAT663RC000118        ;10425282003652;2025-07-12 08:52:50;ERRO - invalid-input-response;2025-07-12 08:52:50;ERRO-captcha
QBP3178;1103454410;9C2KD1000GR031436        ;10425282004462;2025-07-12 08:54:03;ERRO - invalid-input-response;2025-07-12 08:54:03;ERRO-captcha
OAT4I68;409703141;9A9BA2533CCDJ5596        ;10425282000122;2025-07-12 08:54:38;ERRO - invalid-input-response;2025-07-12 08:54:38;ERRO-captcha
RRN7J98;1302872106;8AJDA3CD1N1826449        ;10425282003490;2025-07-12 08:55:14;ERRO - invalid-input-response;2025-07-12 08:55:14;ERRO-captcha
SPM9F58;1403537817;97TZAT663RC000119        ;10425282003652;2025-07-12 08:55:50;ERRO - invalid-input-response;2025-07-12 08:55:50;ERRO-captcha
SPM9D98;1403535067;97TZAD643RC000137        ;10425282003652;2025-07-12 08:56:27;ERRO - invalid-input-response;2025-07-12 08:56:27;ERRO-captcha
SPM9D28;1403530308;97TZAT663RC000128        ;10425282003652;2025-07-12 08:57:04;ERRO - invalid-input-response;2025-07-12 08:57:04;ERRO-captcha
RRS7C78;1325282151;9BWJL45U9PP022844        ;10425282004209;2025-07-12 09:00:00;ERRO - invalid-input-response;2025-07-12 09:00:00;ERRO-captcha
IDL2028;638631793;9BFXTNSM7RDB58126        ;10425282004896;2025-07-12 09:00:51;ERRO - invalid-input-response;2025-07-12 09:00:51;ERRO-captcha
RRR5C68;1322240911;9BD281B9JPYX92581        ;10425282004209;2025-07-12 09:01:33;ERRO - invalid-input-response;2025-07-12 09:01:33;ERRO-captcha
SPJ5G98;1398957027;97TZAT663RC000111        ;10425282003490;2025-07-12 09:02:08;ERRO - invalid-input-response;2025-07-12 09:02:08;ERRO-captcha
QCO9A18;1131202683;93ZS3HSH0H8829315        ;10425282002095;2025-07-12 09:02:43;ERRO - invalid-input-response;2025-07-12 09:02:43;ERRO-captcha
RRP8A48;1317795331;97TRBD442N2002714        ;10425282003490;2025-07-12 09:03:29;ERRO - invalid-input-response;2025-07-12 09:03:29;ERRO-captcha
RAT2A68;1250570538;9BVRG10D3ME893135        ;10425282004624;2025-07-12 09:04:05;ERRO - invalid-input-response;2025-07-12 09:04:05;ERRO-captcha
EFO8D08;195114086;9A9SR1433AJAU8050        ;10425282004209;2025-07-12 09:04:41;ERRO - invalid-input-response;2025-07-12 09:04:41;ERRO-captcha
JZT8848;727852264;9ADV1233XYM149358        ;10425282004896;2025-07-12 09:05:15;ERRO - invalid-input-response;2025-07-12 09:05:15;ERRO-captcha
QCE3E38;1202357994;97T0AN663LC007233        ;10425282004624;2025-07-12 09:05:51;ERRO - invalid-input-response;2025-07-12 09:05:51;ERRO-captcha
QCE3E28;1202357471;97T0AN663LC007235        ;10425282004624;2025-07-12 09:06:27;ERRO - invalid-input-response;2025-07-12 09:06:27;ERRO-captcha
SPM9D58;1403530812;97TZAT663RC000122        ;10425282003652;2025-07-12 09:07:01;ERRO - invalid-input-response;2025-07-12 09:07:01;ERRO-captcha
RRP8H08;1317814794;97T0BN422N2009929        ;10425282003490;2025-07-12 09:07:38;ERRO - invalid-input-response;2025-07-12 09:07:38;ERRO-captcha
QCX9J18;1140383636;9ADG0933HJM418254        ;10425282002095;2025-07-12 09:09:22;ERRO - invalid-input-response;2025-07-12 09:09:22;ERRO-captcha
KXE7H08;1093507435;9BM384078GB035543        ;10425282004624;2025-07-12 09:09:56;ERRO - invalid-input-response;2025-07-12 09:09:56;ERRO-captcha
QBI5A28;1102470365;9C2KD1000GR037314        ;10425282003652;2025-07-12 09:10:38;ERRO - invalid-input-response;2025-07-12 09:10:38;ERRO-captcha
QCO9A98;1131203868;93ZS3HSH0H8829343        ;10425282002095;2025-07-12 09:11:15;ERRO - invalid-input-response;2025-07-12 09:11:15;ERRO-captcha
QCO9B78;1131204627;93ZS3HSH0H8829352        ;10425282002095;2025-07-12 09:11:50;ERRO - invalid-input-response;2025-07-12 09:11:50;ERRO-captcha
QCX7D68;1140274730;9ADG0933HJM418312        ;10425282002095;2025-07-12 09:12:26;ERRO - invalid-input-response;2025-07-12 09:12:26;ERRO-captcha
QCX8F08;1140298442;9ADG1133HJM418532        ;10425282002095;2025-07-12 09:13:01;ERRO - invalid-input-response;2025-07-12 09:13:01;ERRO-captcha
EGS5068;116179066;9BSP8X40093638666        ;10425282003652;2025-07-12 09:13:38;ERRO - invalid-input-response;2025-07-12 09:13:38;ERRO-captcha
QCT4C08;1167671594;93KK0R1D7KE162136        ;10425282005868;2025-07-12 09:14:15;ERRO - invalid-input-response;2025-07-12 09:14:15;ERRO-captcha
QCY8F08;1168977859;9BVRG40D1KE860406        ;10425282003229;2025-07-12 09:15:01;ERRO - invalid-input-response;2025-07-12 09:15:01;ERRO-captcha
PCX3G08;1185627682;SALWA2BK6KA418652        ;10425282004209;2025-07-12 09:15:40;ERRO - invalid-input-response;2025-07-12 09:15:40;ERRO-captcha
QCE2B98;1202261229;9BSR6X400K3959287        ;10425282004624;2025-07-12 09:16:16;ERRO - invalid-input-response;2025-07-12 09:16:16;ERRO-captcha
QCE7J68;1202762244;97T0AN663LC007222        ;10425282004624;2025-07-12 09:19:47;ERRO - invalid-input-response;2025-07-12 09:19:47;ERRO-captcha
OAW3I48;1204567627;9BVGR40D1LE874134        ;10425282003814;2025-07-12 09:20:22;ERRO - invalid-input-response;2025-07-12 09:20:22;ERRO-captcha
OAW3I88;1204569875;9BVGR40D2LE873811        ;10425282003652;2025-07-12 09:20:59;ERRO - invalid-input-response;2025-07-12 09:20:59;ERRO-captcha
QCI4E38;1207764792;97T0AN663LC007387        ;10425282006597;2025-07-12 09:21:35;ERRO - invalid-input-response;2025-07-12 09:21:35;ERRO-captcha
QCI6B58;1207913372;9BVRG40D3LE875409        ;10425282003652;2025-07-12 09:22:10;ERRO - invalid-input-response;2025-07-12 09:22:10;ERRO-captcha
QCI6B68;1207915286;9BVRG40D2LE875410        ;10425282003652;2025-07-12 09:22:45;ERRO - invalid-input-response;2025-07-12 09:22:45;ERRO-captcha
QCI6B78;1207916703;9BVRG40D8LE875412        ;10425282003652;2025-07-12 09:23:20;ERRO - invalid-input-response;2025-07-12 09:23:20;ERRO-captcha
QCI6B88;1207917475;9BVRG40D0LE875408        ;10425282003652;2025-07-12 09:23:54;ERRO - invalid-input-response;2025-07-12 09:23:54;ERRO-captcha
QCI6C08;1207919451;9BVRG40D5LE875785        ;10425282003652;2025-07-12 09:24:30;ERRO - invalid-input-response;2025-07-12 09:24:30;ERRO-captcha
QCN6618;1216301864;9BG148FK0LC430733        ;7655514000205;2025-07-12 09:25:06;ERRO - invalid-input-response;2025-07-12 09:25:06;ERRO-captcha
QCE2F08;1202290644;9BSR6X400K3959320        ;10425282003733;2025-07-12 09:25:44;ERRO - invalid-input-response;2025-07-12 09:25:44;ERRO-captcha
RAT1J88;1250567863;9BVRG10D2ME892776        ;10425282004624;2025-07-12 09:26:20;ERRO - invalid-input-response;2025-07-12 09:26:20;ERRO-captcha
RAO4J18;1238692750;WV1DB42H9LA020161        ;10425282003229;2025-07-12 09:26:57;ERRO - invalid-input-response;2025-07-12 09:26:57;ERRO-captcha
RAW9H68;1275456305;93KP0R1C4ME175328        ;10425282004209;2025-07-12 09:27:34;ERRO - invalid-input-response;2025-07-12 09:27:34;ERRO-captcha
RRI4E78;1278979058;9BVRG40D1ME907292        ;10425282006597;2025-07-12 09:28:10;ERRO - invalid-input-response;2025-07-12 09:28:10;ERRO-captcha
EDL7358;128329580;94BN080299R001677        ;10425282003733;2025-07-12 09:28:45;ERRO - invalid-input-response;2025-07-12 09:28:45;ERRO-captcha
EIM5I68;129436720;9BSP8X40093642645        ;10425282003652;2025-07-12 09:29:21;ERRO - invalid-input-response;2025-07-12 09:29:21;ERRO-captcha
RRL9G88;1300665790;9C2KD0810NR207231        ;10425282006325;2025-07-12 09:29:57;ERRO - invalid-input-response;2025-07-12 09:29:57;ERRO-captcha
RRL9I78;1300673556;9C2KD0810NR207354        ;10425282004209;2025-07-12 09:30:35;ERRO - invalid-input-response;2025-07-12 09:30:35;ERRO-captcha
RRL9J38;1300675796;9C2KD0810NR207353        ;10425282004209;2025-07-12 09:31:12;ERRO - invalid-input-response;2025-07-12 09:31:12;ERRO-captcha
RRM1I08;1300747096;93KP0R1C0ME176149        ;10425282004209;2025-07-12 09:31:49;ERRO - invalid-input-response;2025-07-12 09:31:49;ERRO-captcha
RRN6E48;1302794482;8AJDA3CD6N1826320        ;10425282004209;2025-07-12 09:32:26;ERRO - invalid-input-response;2025-07-12 09:32:26;ERRO-captcha
RRN6E58;1302794970;8AJDA3CD6N1826348        ;10425282004209;2025-07-12 09:33:03;ERRO - invalid-input-response;2025-07-12 09:33:03;ERRO-captcha
RRN6E98;1302796345;8AJDA3CDXN1826451        ;10425282003490;2025-07-12 09:33:40;ERRO - invalid-input-response;2025-07-12 09:33:40;ERRO-captcha
RRN8A38;1302872823;8AJDA3CD1N1826452        ;10425282003490;2025-07-12 09:34:18;ERRO - invalid-input-response;2025-07-12 09:34:18;ERRO-captcha
RRN8A78;1302873510;8AJDA3CD8N1826450        ;10425282003490;2025-07-12 09:34:55;ERRO - invalid-input-response;2025-07-12 09:34:55;ERRO-captcha
RRN8B18;1302875334;8AJDA3CD6N1826415,       ;10425282003733;2025-07-12 09:35:32;ERRO - invalid-input-response;2025-07-12 09:35:32;ERRO-captcha
RRN8B48;1302876225;8AJDA3CDXN1826417        ;10425282003733;2025-07-12 09:36:09;ERRO - invalid-input-response;2025-07-12 09:36:09;ERRO-captcha
RAO4J78;1238694230;WV1DB42H2LA020230        ;10425282004209;2025-07-12 09:39:53;ERRO - invalid-input-response;2025-07-12 09:39:53;ERRO-captcha
RAO5D38;1238701121;WV1DB42H0LA020310        ;10425282004209;2025-07-12 09:40:29;ERRO - invalid-input-response;2025-07-12 09:40:29;ERRO-captcha
RAO5E78;1238702659;WV1DB42H5LA019203        ;10425282003229;2025-07-12 09:41:06;ERRO - invalid-input-response;2025-07-12 09:41:06;ERRO-captcha
RAT2A18;1250568800;9BVRG10DXME892775        ;10425282004624;2025-07-12 09:41:44;ERRO - invalid-input-response;2025-07-12 09:41:44;ERRO-captcha
RAT2A38;1250569556;9BVRG10D6ME893136        ;10425282004624;2025-07-12 09:42:21;ERRO - invalid-input-response;2025-07-12 09:42:21;ERRO-captcha
RRN6E78;1302795616;8AJDA3CD0N1826376        ;10425282003814;2025-07-12 09:42:57;ERRO - invalid-input-response;2025-07-12 09:42:57;ERRO-captcha
RRN7I78;1302869334;8AJDA3CD7N1826309        ;10425282004209;2025-07-12 09:43:35;ERRO - invalid-input-response;2025-07-12 09:43:35;ERRO-captcha
SPI6B08;1398605490;9BVRT60D9RE605445        ;10425282003652;2025-07-12 09:44:11;ERRO - invalid-input-response;2025-07-12 09:44:11;ERRO-captcha
SPI9D18;1398730324;9BVRT60D0RE605667        ;10425282003652;2025-07-12 09:45:36;ERRO - invalid-input-response;2025-07-12 09:45:36;ERRO-captcha
SPI9D78;1398731240;9BVRT60D1RE605966        ;10425282003652;2025-07-12 09:46:11;ERRO - invalid-input-response;2025-07-12 09:46:11;ERRO-captcha
SPI9D98;1398732220;9BVRT60D8RE605517        ;10425282003652;2025-07-12 09:46:46;ERRO - invalid-input-response;2025-07-12 09:46:46;ERRO-captcha
SPI9E28;1398732602;9BVRT60D7RE605662        ;10425282003652;2025-07-12 09:47:22;ERRO - invalid-input-response;2025-07-12 09:47:22;ERRO-captcha
SPI9E38;1398732998;9BVRT60DXRE605663        ;10425282003652;2025-07-12 09:47:58;ERRO - invalid-input-response;2025-07-12 09:47:58;ERRO-captcha
SPI9E88;1398733480;9BVRT60D5RE605665        ;10425282003652;2025-07-12 09:48:34;ERRO - invalid-input-response;2025-07-12 09:48:34;ERRO-captcha
SPJ5C88;1398950294;97TZAT643R2000006        ;10425282003490;2025-07-12 09:49:11;ERRO - invalid-input-response;2025-07-12 09:49:11;ERRO-captcha
SPJ5H38;1398957345;97TZAD643RC000120        ;10425282003490;2025-07-12 09:49:45;ERRO - invalid-input-response;2025-07-12 09:49:45;ERRO-captcha
OAT4928;409707821;9A9BA2533CCDJ5592        ;10425282000122;2025-07-12 09:53:27;ERRO - invalid-input-response;2025-07-12 09:53:27;ERRO-captcha
OAT5438;409797855;9A9BA2533CCDJ5584        ;10425282000122;2025-07-12 09:54:13;ERRO - invalid-input-response;2025-07-12 09:54:13;ERRO-captcha
OAT5538;409880175;9A9BA2533CCDJ5578        ;10425282000122;2025-07-12 09:54:50;ERRO - invalid-input-response;2025-07-12 09:54:50;ERRO-captcha
OAY3078;429969384;LZZ5CLSB7BA641009        ;10425282004209;2025-07-12 09:55:26;ERRO - invalid-input-response;2025-07-12 09:55:26;ERRO-captcha
OAY9328;453865780;93KP0E0A8CE132140        ;10425282000122;2025-07-12 09:56:03;ERRO - invalid-input-response;2025-07-12 09:56:03;ERRO-captcha
BWM8188;665439610;9AU211230T1029394        ;10425282007216;2025-07-12 09:56:39;ERRO - invalid-input-response;2025-07-12 09:56:39;ERRO-captcha
IMS9J28;867426160;9A9BT22726JAU8004        ;10425282004209;2025-07-12 09:57:14;ERRO - invalid-input-response;2025-07-12 09:57:14;ERRO-captcha
SPI9F48;1398734443;9BVRT60DXRE605770        ;10425282003652;2025-07-12 09:57:52;ERRO - invalid-input-response;2025-07-12 09:57:52;ERRO-captcha
SPI9F98;1398735024;9BVRT60D3RE605856        ;10425282003652;2025-07-12 09:58:30;ERRO - invalid-input-response;2025-07-12 09:58:30;ERRO-captcha
SPI9G38;1398735270;9BVRT60D6RE605857        ;10425282003652;2025-07-12 09:59:07;ERRO - invalid-input-response;2025-07-12 09:59:07;ERRO-captcha
RAZ9I78;1277961090;93KP0R1C4ME176117        ;10425282004209;2025-07-12 10:02:51;ERRO - invalid-input-response;2025-07-12 10:02:51;ERRO-captcha
RRR5D28;1322242086;9BD281B9JPYX92589        ;10425282004209;2025-07-12 10:03:27;ERRO - invalid-input-response;2025-07-12 10:03:27;ERRO-captcha
RRR5D38;1322242329;9BD281B9JPYX92602        ;10425282004209;2025-07-12 10:04:02;ERRO - invalid-input-response;2025-07-12 10:04:02;ERRO-captcha
RRR5D48;1322242612;9BD281B9JPYX92730        ;10425282004209;2025-07-12 10:04:38;ERRO - invalid-input-response;2025-07-12 10:04:38;ERRO-captcha
RRS7C38;1325281066;9BWJL45U8PP022804        ;10425282004209;2025-07-12 10:05:49;ERRO - invalid-input-response;2025-07-12 10:05:49;ERRO-captcha
RRS7C98;1325282437;9BWJL45U4PP022931        ;10425282004209;2025-07-12 10:06:25;ERRO - invalid-input-response;2025-07-12 10:06:25;ERRO-captcha
RRS7D08;1325283166;9BWJL45UXPP022822        ;10425282004209;2025-07-12 10:07:01;ERRO - invalid-input-response;2025-07-12 10:07:01;ERRO-captcha
RRS7D28;1325283484;9BWJL45U8PP022835        ;10425282004209;2025-07-12 10:07:37;ERRO - invalid-input-response;2025-07-12 10:07:37;ERRO-captcha
RRV0E18;1331128290;9BVRG40D8NE930294        ;10425282003490;2025-07-12 10:08:13;ERRO - invalid-input-response;2025-07-12 10:08:13;ERRO-captcha
RRV0E28;1331129793;9BVRG40D4NE930391        ;10425282003490;2025-07-12 10:08:51;ERRO - invalid-input-response;2025-07-12 10:08:51;ERRO-captcha
RRV2H78;1331423098;9882261RPPKE97459        ;10425282003229;2025-07-12 10:09:30;ERRO - invalid-input-response;2025-07-12 10:09:30;ERRO-captcha
DXH1E28;926554611;9BSP6X4B073607989        ;10425282003652;2025-07-12 10:10:17;ERRO - invalid-input-response;2025-07-12 10:10:17;ERRO-captcha
NIZ1E18;931846552;9BFLF47917B045184        ;10425282004896;2025-07-12 10:10:54;ERRO - invalid-input-response;2025-07-12 10:10:54;ERRO-captcha
DZX5I98;937757438;9BSP6X4B073609477        ;10425282003652;2025-07-12 10:11:30;ERRO - invalid-input-response;2025-07-12 10:11:30;ERRO-captcha
AQO1408;984665951;9BFXCE5UX9BB22910        ;10425282003490;2025-07-12 10:12:02;ERRO - invalid-input-response;2025-07-12 10:12:02;ERRO-captcha
EGS5028;991326288;9BFZCA9Y99BB19219        ;10425282003652;2025-07-12 10:12:38;ERRO - invalid-input-response;2025-07-12 10:12:38;ERRO-captcha
SPM9D78;1403530901;97TZAD643RC000139        ;10425282003652;2025-07-12 10:13:12;ERRO - invalid-input-response;2025-07-12 10:13:12;ERRO-captcha
SPM9D88;1403534648;97TZAT663RC000126        ;10425282003652;2025-07-12 10:13:49;ERRO - invalid-input-response;2025-07-12 10:13:49;ERRO-captcha
SPM9E78;1403536110;97TZAT663RC000130        ;10425282003652;2025-07-12 10:16:07;ERRO - invalid-input-response;2025-07-12 10:16:07;ERRO-captcha
SPM9F28;1403537035;97TZAD643RC000134        ;10425282003652;2025-07-12 10:16:41;ERRO - invalid-input-response;2025-07-12 10:16:41;ERRO-captcha
SPM9F18;1403537094;97TZAT663RC000131        ;10425282003652;2025-07-12 10:17:17;ERRO - invalid-input-response;2025-07-12 10:17:17;ERRO-captcha
SPN6A78;1404145963;9882261PESKF89666        ;10425282004209;2025-07-12 10:17:53;ERRO - invalid-input-response;2025-07-12 10:17:53;ERRO-captcha
SPR1C68;1407925625;9BD341ACSSY997174        ;10425282004209;2025-07-12 10:18:29;ERRO - invalid-input-response;2025-07-12 10:18:29;ERRO-captcha
SPR1D08;1407931528;9BD341ACSSY998589        ;10425282004209;2025-07-12 10:19:05;ERRO - invalid-input-response;2025-07-12 10:19:05;ERRO-captcha
SPR1D78;1407934446;9BD341ACSSY997176        ;10425282004209;2025-07-12 10:19:42;ERRO - invalid-input-response;2025-07-12 10:19:42;ERRO-captcha
SPR1E38;1407935671;9BD341ACSSY997175        ;10425282004209;2025-07-12 10:20:20;ERRO - invalid-input-response;2025-07-12 10:20:20;ERRO-captcha
SPR1E48;1407936066;9BD341ACSSY997187        ;10425282004209;2025-07-12 10:20:57;ERRO - invalid-input-response;2025-07-12 10:20:57;ERRO-captcha
SPR1F28;1407938751;9BD341ACSSY997186        ;10425282004209;2025-07-12 10:21:42;ERRO - invalid-input-response;2025-07-12 10:21:42;ERRO-captcha
NPG3C08;163226229;9A9S23DPS91AH8600        ;10425282004896;2025-07-12 10:22:19;ERRO - invalid-input-response;2025-07-12 10:22:19;ERRO-captcha
NUE0E78;229125840;93KP0E0A0AE123185        ;10425282004896;2025-07-12 10:22:56;ERRO - invalid-input-response;2025-07-12 10:22:56;ERRO-captcha
ETL4688;271515317;9BSP6X400B3673396        ;10425282003652;2025-07-12 10:23:34;ERRO - invalid-input-response;2025-07-12 10:23:34;ERRO-captcha
SPR1D38;1407932192;9BD341ACSSY998542        ;10425282004209;2025-07-12 10:24:45;ERRO - invalid-input-response;2025-07-12 10:24:45;ERRO-captcha
SPR1D98;1407935175;9BD341ACSSY997018        ;10425282004209;2025-07-12 10:25:22;ERRO - invalid-input-response;2025-07-12 10:25:22;ERRO-captcha
OAT5D48;409767891;9A9BA2533CCDJ5588        ;10425282000122;2025-07-12 10:27:25;ERRO - invalid-input-response;2025-07-12 10:27:25;ERRO-captcha
OAT5488;409840467;9A9BA2533CCDJ5580        ;10425282000122;2025-07-12 10:28:02;ERRO - invalid-input-response;2025-07-12 10:28:02;ERRO-captcha
OAY7178;450837475;9BFVCAC93CBB03153        ;10425282004896;2025-07-12 10:28:37;ERRO - invalid-input-response;2025-07-12 10:28:37;ERRO-captcha
OBM8H98;500208859;9BVAG20D2CE791042        ;10425282000122;2025-07-12 10:29:12;ERRO - invalid-input-response;2025-07-12 10:29:12;ERRO-captcha
OBM8I18;500209430;9BVAG20D6CE791112        ;10425282000122;2025-07-12 10:29:48;ERRO - invalid-input-response;2025-07-12 10:29:48;ERRO-captcha
AIB2568;705728110;9BM384073WB176012        ;10425282004896;2025-07-12 10:34:11;ERRO - invalid-input-response;2025-07-12 10:34:11;ERRO-captcha
JYS4788;726981303;9BWYTAKT9XRX10307        ;10425282004705;2025-07-12 10:34:49;ERRO - invalid-input-response;2025-07-12 10:34:49;ERRO-captcha
JZM7E48;727918389;9BFXK82F9XD014576        ;10425282004896;2025-07-12 10:35:27;ERRO - invalid-input-response;2025-07-12 10:35:27;ERRO-captcha
DAZ5E88;729206653;9BM693386XB216169        ;10425282005353;2025-07-12 10:36:05;ERRO - invalid-input-response;2025-07-12 10:36:05;ERRO-captcha
CYN7738;754317846;9BFXTNAF61DB04243        ;10425282004896;2025-07-12 10:36:44;ERRO - invalid-input-response;2025-07-12 10:36:44;ERRO-captcha
LOB1898;783899831;9BM3840732B305512        ;10425282004705;2025-07-12 10:37:30;ERRO - invalid-input-response;2025-07-12 10:37:30;ERRO-captcha
CZC3938;800331583;9BM38407338328401        ;10425282004705;2025-07-12 10:38:06;ERRO - invalid-input-response;2025-07-12 10:38:06;ERRO-captcha
DJB2498;820110400;9BWRF82W03R314386        ;10425282003490;2025-07-12 10:38:42;ERRO - invalid-input-response;2025-07-12 10:38:42;ERRO-captcha
KZX6778;899374689;9BM6882766B492635        ;10425282003571;2025-07-12 10:39:18;ERRO - invalid-input-response;2025-07-12 10:39:18;ERRO-captcha
DSF5E58;899903843;9BFZCEKY96BB79577        ;10425282003652;2025-07-12 10:39:53;ERRO - invalid-input-response;2025-07-12 10:39:53;ERRO-captcha
DXH2D68;922532915;9BSP6X4B073606279        ;10425282003652;2025-07-12 10:40:29;ERRO - invalid-input-response;2025-07-12 10:40:29;ERRO-captcha
DXH1D48;924277041;9BSP6X4B073606375        ;10425282003652;2025-07-12 10:41:04;ERRO - invalid-input-response;2025-07-12 10:41:04;ERRO-captcha
SPJ9A08;1399075028;97TZAT663RC000113        ;10425282003490;2025-07-12 10:41:40;ERRO - invalid-input-response;2025-07-12 10:41:40;ERRO-captcha
RRP8F28;1317802729;97TD0N412N2007570        ;10425282003652;2025-07-12 10:42:15;ERRO - invalid-input-response;2025-07-12 10:42:15;ERRO-captcha
SPJ8I88;1399072169;97TZAD643R2000013        ;10425282003490;2025-07-12 10:42:51;ERRO - invalid-input-response;2025-07-12 10:42:51;ERRO-captcha
QCX6H98;1140249735;9ADG1133HJM417066        ;10425282002095;2025-07-12 10:43:27;ERRO - invalid-input-response;2025-07-12 10:43:27;ERRO-captcha
SPJ5E98;1398952955;97TZAD643RC000117        ;10425282003490;2025-07-12 10:44:04;ERRO - invalid-input-response;2025-07-12 10:44:04;ERRO-captcha
QCX8F38;1140298523;9ADG1133HJM417072        ;10425282002095;2025-07-12 10:44:37;ERRO - invalid-input-response;2025-07-12 10:44:37;ERRO-captcha
QBM2A78;1019242954;9EP310620E1006793        ;10425282000122;2025-07-12 10:45:11;ERRO - invalid-input-response;2025-07-12 10:45:11;ERRO-captcha
SPJ8C58;1399057836;94BA0953RRV005727        ;10425282002095;2025-07-12 10:45:49;ERRO - invalid-input-response;2025-07-12 10:45:49;ERRO-captcha
QBM2A68;1019241532;9EP021120E1006789        ;10425282000122;2025-07-12 10:49:28;ERRO - invalid-input-response;2025-07-12 10:49:28;ERRO-captcha
SPL0H68;1399142329;9D8CPR133R1000437        ;10425282003652;2025-07-12 10:50:05;ERRO - invalid-input-response;2025-07-12 10:50:05;ERRO-captcha
SPJ5C58;1398949474;97TZAD643R2000004        ;10425282003490;2025-07-12 10:50:41;ERRO - invalid-input-response;2025-07-12 10:50:41;ERRO-captcha
SPJ8E38;1399062600;97TZAT663R2000019        ;10425282003490;2025-07-12 10:51:18;ERRO - invalid-input-response;2025-07-12 10:51:18;ERRO-captcha
AXT2B98;595546080;9EP071230E1001503        ;10425282004209;2025-07-12 10:51:51;ERRO - invalid-input-response;2025-07-12 10:51:51;ERRO-captcha
SPL0H78;1399143449;9D8CPR153R1000434        ;10425282003652;2025-07-12 10:52:28;ERRO - invalid-input-response;2025-07-12 10:52:28;ERRO-captcha
QCX8G08;1140298680;9ADG1133HJM417074        ;10425282002095;2025-07-12 10:53:02;ERRO - invalid-input-response;2025-07-12 10:53:02;ERRO-captcha
SWY6F38;1394289780;9BWAG5R16ST000584        ;10425282004209;2025-07-12 10:53:39;ERRO - invalid-input-response;2025-07-12 10:53:39;ERRO-captcha
SPJ7J98;1399048950;97TZAD643R2000009        ;10425282003490;2025-07-12 10:54:16;ERRO - invalid-input-response;2025-07-12 10:54:16;ERRO-captcha
SPJ5D78;1398951533;97TZAT663R2000007        ;10425282003490;2025-07-12 10:54:51;ERRO - invalid-input-response;2025-07-12 10:54:51;ERRO-captcha
QCX8E38;1140298256;9ADG0933HJM418507        ;10425282002095;2025-07-12 10:55:26;ERRO - invalid-input-response;2025-07-12 10:55:26;ERRO-captcha
SPM9F08;1403536632;97TZAD643RC000141        ;10425282003652;2025-07-12 10:56:35;ERRO - invalid-input-response;2025-07-12 10:56:35;ERRO-captcha
RRP8C58;1317798756;97T0BN422N2009924        ;10425282003652;2025-07-12 10:57:08;ERRO - invalid-input-response;2025-07-12 10:57:08;ERRO-captcha
SPJ5E78;1398952769;97TZAT663R2000008        ;10425282003490;2025-07-12 10:57:45;ERRO - invalid-input-response;2025-07-12 10:57:45;ERRO-captcha
RRP8H78;1317818226;97TD0N412N2007573        ;10425282003652;2025-07-12 10:58:22;ERRO - invalid-input-response;2025-07-12 10:58:22;ERRO-captcha
QCK0G08;1214932123;97T0AN663LC007667        ;10425282003652;2025-07-12 10:59:00;ERRO - invalid-input-response;2025-07-12 10:59:00;ERRO-captcha
SPJ8A88;1399054330;97TZAT663R2000017        ;10425282003490;2025-07-12 10:59:34;ERRO - invalid-input-response;2025-07-12 10:59:34;ERRO-captcha
SPJ5G18;1398955008;97TZAD643RC000115        ;10425282003490;2025-07-12 11:00:11;ERRO - invalid-input-response;2025-07-12 11:00:11;ERRO-captcha
QCI4E98;1207769328;97T0AN663LC007389        ;10425282006597;2025-07-12 11:00:56;ERRO - invalid-input-response;2025-07-12 11:00:56;ERRO-captcha
SPL0H08;1399140601;9D8CPR153R1000436        ;10425282003652;2025-07-12 11:01:34;ERRO - invalid-input-response;2025-07-12 11:01:34;ERRO-captcha
SPM9E18;1403535520;97TZAT663RC000127        ;10425282003652;2025-07-12 11:02:13;ERRO - invalid-input-response;2025-07-12 11:02:13;ERRO-captcha
SPJ8G08;1399066568;97TZAT663R2000020        ;10425282003490;2025-07-12 11:02:49;ERRO - invalid-input-response;2025-07-12 11:02:49;ERRO-captcha
SPM9G28;1403539658;97TZAT663RC000120        ;10425282003652;2025-07-12 11:03:25;ERRO - invalid-input-response;2025-07-12 11:03:25;ERRO-captcha
SPJ8G98;1399068137;97TZAD643R2000020        ;10425282003490;2025-07-12 11:04:00;ERRO - invalid-input-response;2025-07-12 11:04:00;ERRO-captcha
SPJ8J58;1399073955;97TZAT663RC000110        ;10425282003490;2025-07-12 11:04:34;ERRO - invalid-input-response;2025-07-12 11:04:34;ERRO-captcha
SPJ8J18;1399073017;97TZAT663R2000014        ;10425282003490;2025-07-12 11:05:09;ERRO - invalid-input-response;2025-07-12 11:05:09;ERRO-captcha
RRP8E48;1317801510;97TRBD442N2002707        ;10425282003652;2025-07-12 11:05:44;ERRO - invalid-input-response;2025-07-12 11:05:44;ERRO-captcha
QCX8G38;1140298710;9ADG1133HJM418157        ;10425282002095;2025-07-12 11:06:19;ERRO - invalid-input-response;2025-07-12 11:06:19;ERRO-captcha
SPJ8E68;1399063844;97TZAT663R2000013        ;10425282003490;2025-07-12 11:06:54;ERRO - invalid-input-response;2025-07-12 11:06:54;ERRO-captcha
SPJ5G08;1398955628;97TZAD643RC000114        ;10425282003490;2025-07-12 11:07:31;ERRO - invalid-input-response;2025-07-12 11:07:31;ERRO-captcha
QCX9I48;1140381897;9ADG0933HJM417069        ;10425282002095;2025-07-12 11:08:08;ERRO - invalid-input-response;2025-07-12 11:08:08;ERRO-captcha
SPJ5C78;1398950030;97TZAT663R2000005        ;10425282003490;2025-07-12 11:08:43;ERRO - invalid-input-response;2025-07-12 11:08:43;ERRO-captcha
QCX8F18;1140298477;9ADG0933HJM417071        ;10425282002095;2025-07-12 11:12:19;ERRO - invalid-input-response;2025-07-12 11:12:19;ERRO-captcha
QCX8F98;1140298663;9ADG0933HJM417073        ;10425282002095;2025-07-12 11:12:54;ERRO - invalid-input-response;2025-07-12 11:12:54;ERRO-captcha
QCX8G28;1140298701;9ADG0933HJM418156        ;10425282002095;2025-07-12 11:13:31;ERRO - invalid-input-response;2025-07-12 11:13:31;ERRO-captcha
QCX8G48;1140298728;9ADG0933HJM418166        ;10425282002095;2025-07-12 11:14:08;ERRO - invalid-input-response;2025-07-12 11:14:08;ERRO-captcha
QCX8G58;1140298736;9ADG1133HJM418167        ;10425282002095;2025-07-12 11:14:42;ERRO - invalid-input-response;2025-07-12 11:14:42;ERRO-captcha
RRP8C08;1317796532;97TRBD442N2002709        ;10425282003652;2025-07-12 11:15:16;ERRO - invalid-input-response;2025-07-12 11:15:16;ERRO-captcha
RRP8B98;1317798080;97T0BN422N2009922        ;10425282003652;2025-07-12 11:15:50;ERRO - invalid-input-response;2025-07-12 11:15:50;ERRO-captcha
RRP8C68;1317798730;97TRBD442N2002712        ;10425282003490;2025-07-12 11:16:25;ERRO - invalid-input-response;2025-07-12 11:16:25;ERRO-captcha
RRP8C78;1317798900;97TD0N412N2007572        ;10425282003652;2025-07-12 11:17:02;ERRO - invalid-input-response;2025-07-12 11:17:02;ERRO-captcha
RRP8D38;1317799345;97TD0N412N2007571        ;10425282003652;2025-07-12 11:18:14;ERRO - invalid-input-response;2025-07-12 11:18:14;ERRO-captcha
RRP8D58;1317799639;97TD0N412N2007576        ;10425282003490;2025-07-12 11:18:49;ERRO - invalid-input-response;2025-07-12 11:18:49;ERRO-captcha
SPJ8J78;1399074641;97TZAD643RC000121        ;10425282003490;2025-07-12 11:19:26;ERRO - invalid-input-response;2025-07-12 11:19:26;ERRO-captcha
SPJ9C18;1399080951;97TZAT663RC000114        ;10425282003490;2025-07-12 11:20:03;ERRO - invalid-input-response;2025-07-12 11:20:03;ERRO-captcha
SPJ9C48;1399081826;97TZAD643RC000122        ;10425282003490;2025-07-12 11:20:38;ERRO - invalid-input-response;2025-07-12 11:20:38;ERRO-captcha
SPJ9C68;1399081966;97TZAT663R2000015        ;10425282003490;2025-07-12 11:21:14;ERRO - invalid-input-response;2025-07-12 11:21:14;ERRO-captcha
SPJ9C78;1399082415;97TZAT663R2000011        ;10425282003490;2025-07-12 11:21:49;ERRO - invalid-input-response;2025-07-12 11:21:49;ERRO-captcha
SPJ9D48;1399085066;97TZAT663R2000016        ;10425282003490;2025-07-12 11:22:25;ERRO - invalid-input-response;2025-07-12 11:22:25;ERRO-captcha
SPM8H28;1403487925;97TZAD643RC000128        ;10425282003652;2025-07-12 11:23:01;ERRO - invalid-input-response;2025-07-12 11:23:01;ERRO-captcha
SPM8H38;1403489049;97TZAD643RC000132        ;10425282003652;2025-07-12 11:23:37;ERRO - invalid-input-response;2025-07-12 11:23:37;ERRO-captcha
SPM9D08;1403528982;97TZAT663RC000124        ;10425282003652;2025-07-12 11:24:14;ERRO - invalid-input-response;2025-07-12 11:24:14;ERRO-captcha
SPJ5D88;1398951894;97TZAD643R2000007        ;10425282003490;2025-07-12 11:24:50;ERRO - invalid-input-response;2025-07-12 11:24:50;ERRO-captcha
SPJ7J88;1399049825;97TZAD643R2000016        ;10425282003490;2025-07-12 11:28:20;ERRO - invalid-input-response;2025-07-12 11:28:20;ERRO-captcha
SPJ8C68;1399058107;97TZAD643R2000017        ;10425282003490;2025-07-12 11:28:58;ERRO - invalid-input-response;2025-07-12 11:28:58;ERRO-captcha
SPM9F48;1403537540;97TZAD643RC000142        ;10425282003652;2025-07-12 11:29:35;ERRO - invalid-input-response;2025-07-12 11:29:35;ERRO-captcha
SPM9F78;1403538252;97TZAD643RC000130        ;10425282003652;2025-07-12 11:30:11;ERRO - invalid-input-response;2025-07-12 11:30:11;ERRO-captcha
SPM9F88;1403538309;97TZAT663RC000132        ;10425282003652;2025-07-12 11:30:45;ERRO - invalid-input-response;2025-07-12 11:30:45;ERRO-captcha
SPP2A78;1406469863;9A92C1440SCAD9100        ;10425282003229;2025-07-12 11:31:21;ERRO - invalid-input-response;2025-07-12 11:31:21;ERRO-captcha
SPQ5H38;1407536300;979RCN252RG0R3018        ;10425282005191;2025-07-12 11:31:57;ERRO - invalid-input-response;2025-07-12 11:31:57;ERRO-captcha
EPE8518;228550360;94BN0802AAR001967        ;10425282004209;2025-07-12 11:32:32;ERRO - invalid-input-response;2025-07-12 11:32:32;ERRO-captcha
EDL7368;128313870;94BN080299R001680        ;10425282003490;2025-07-12 11:33:07;ERRO - invalid-input-response;2025-07-12 11:33:07;ERRO-captcha
RRP8E68;1317802001;97T0BN422N2009920        ;10425282003652;2025-07-12 11:33:44;ERRO - invalid-input-response;2025-07-12 11:33:44;ERRO-captcha
RRS5A28;1325133482;9BWJL45U5PP021223        ;10425282004209;2025-07-12 08:25:58;ERRO - invalid-input-response;2025-07-12 08:25:58;ERRO-captcha
QCE3F18;1202361860;97T0AN663LC007227        ;10425282004624;2025-07-12 09:19:14;ERRO - invalid-input-response;2025-07-12 09:19:14;ERRO-captcha
RRP8A78;1317796044;97TRBD442N2002713        ;10425282003490;2025-07-12 09:39:17;ERRO - invalid-input-response;2025-07-12 09:39:17;ERRO-captcha
OAS4H18;407971297;9BFVCAC92CBB03211        ;10425282004896;2025-07-12 09:52:51;ERRO - invalid-input-response;2025-07-12 09:52:51;ERRO-captcha
SPJ8E08;1399061515;97TZAD643R2000018        ;10425282003490;2025-07-12 10:02:14;ERRO - invalid-input-response;2025-07-12 10:02:14;ERRO-captcha
KAJ0C28;692340890;9BFYTNFT0VDB69856        ;10425282004896;2025-07-12 10:33:33;ERRO - invalid-input-response;2025-07-12 10:33:33;ERRO-captcha
EDL7348;128324970;94BN080299R001673        ;10425282003490;2025-07-12 10:48:50;ERRO - invalid-input-response;2025-07-12 10:48:50;ERRO-captcha
QCX8E78;1140298345;9ADG1133HJM418257        ;10425282002095;2025-07-12 11:11:43;ERRO - invalid-input-response;2025-07-12 11:11:43;ERRO-captcha
SPJ5H58;1398957655;97TZAT663RC000112        ;10425282003490;2025-07-12 11:27:45;ERRO - invalid-input-response;2025-07-12 11:27:45;ERRO-captcha
QBM2A48;1017733128;9EP021120E1006790        ;10425282000122;2025-07-12 11:34:19;ERRO - invalid-input-response;2025-07-12 11:34:19;ERRO-captcha
SPJ8G78;1399068226;97TZAT663R2000012        ;10425282003490;2025-07-12 11:34:56;ERRO - invalid-input-response;2025-07-12 11:34:56;ERRO-captcha
SPM9D38;1403530430;97TZAT663RC000125        ;10425282003652;2025-07-12 11:35:32;ERRO - invalid-input-response;2025-07-12 11:35:32;ERRO-captcha
SPM9E08;1403535199;97TZAT663RC000129        ;10425282003652;2025-07-12 11:36:07;ERRO - invalid-input-response;2025-07-12 11:36:07;ERRO-captcha
EFO8C68;193453479;9A9SR1433AJAU8067        ;10425282004209;2025-07-12 11:36:44;ERRO - invalid-input-response;2025-07-12 11:36:44;ERRO-captcha
RRP8A68;1317795846;97TD0N412N2007577        ;10425282003490;2025-07-12 11:37:21;ERRO - invalid-input-response;2025-07-12 11:37:21;ERRO-captcha
QCX7D28;1140272699;9ADG0933HJM417109        ;10425282002095;2025-07-12 11:37:56;ERRO - invalid-input-response;2025-07-12 11:37:56;ERRO-captcha
RRP8F48;1317803334;97TRBD442N2002706        ;10425282003652;2025-07-12 11:38:30;ERRO - invalid-input-response;2025-07-12 11:38:30;ERRO-captcha
QCK0I08;1214945195;97T0AN663LC007682        ;10425282003652;2025-07-12 11:39:06;ERRO - invalid-input-response;2025-07-12 11:39:06;ERRO-captcha
JXB0578;146172310;9ADJ12430LS088286        ;10425282003571;2025-07-12 11:39:41;ERRO - invalid-input-response;2025-07-12 11:39:41;ERRO-captcha
NPD5338;159150701;9A9S23DPS91AH8599        ;10425282004896;2025-07-12 11:40:18;ERRO - invalid-input-response;2025-07-12 11:40:18;ERRO-captcha
LYH5D68;562934561;AGSA1987128665937        ;10425282004209;2025-07-12 11:40:54;ERRO - invalid-input-response;2025-07-12 11:40:54;ERRO-captcha
SPJ5D48;1398950910;97TZAT663RC000109        ;10425282003490;2025-07-12 07:58:43;ERRO - invalid-input-response;2025-07-12 07:58:43;ERRO-captcha
DXH2D38;919931294;9BSP6X4B073606326        ;10425282003652;2025-07-12 07:59:19;ERRO - invalid-input-response;2025-07-12 07:59:19;ERRO-captcha
SPM9D18;1403529652;97TZAD643RC000135        ;10425282003652;2025-07-12 07:59:56;ERRO - invalid-input-response;2025-07-12 07:59:56;ERRO-captcha
QCK0F58;1214933960;97T0AN663LC007668        ;10425282003652;2025-07-12 08:07:43;ERRO - invalid-input-response;2025-07-12 08:07:43;ERRO-captcha
BVS4988;1175712687;9E3CLA152JG000125        ;10425282003229;2025-07-12 08:08:20;ERRO - invalid-input-response;2025-07-12 08:08:20;ERRO-captcha
QCO9A78;1131203590;93ZS3HSH0H8829344        ;10425282002095;2025-07-12 08:08:56;ERRO - invalid-input-response;2025-07-12 08:08:56;ERRO-captcha
RRR5B98;1322239565;9BD281B9JPYX92393        ;10425282004209;2025-07-12 08:23:36;ERRO - invalid-input-response;2025-07-12 08:23:36;ERRO-captcha
EGS7308;127248013;9BSP8X40093641626        ;10425282003652;2025-07-12 08:24:11;ERRO - invalid-input-response;2025-07-12 08:24:11;ERRO-captcha
RRS2A18;1324853821;9C2KD0810PR213604        ;10425282004209;2025-07-12 08:24:46;ERRO - invalid-input-response;2025-07-12 08:24:46;ERRO-captcha
RRS2A38;1324854062;9C2KD0810PR213749        ;10425282004209;2025-07-12 08:25:22;ERRO - invalid-input-response;2025-07-12 08:25:22;ERRO-captcha
RAW9H58;1275455929;93KP0R1C1ME175327        ;10425282004209;2025-07-12 08:33:23;ERRO - invalid-input-response;2025-07-12 08:33:23;ERRO-captcha
SPM9D68;1403530910;97TZAD643RC000136        ;10425282003652;2025-07-12 08:36:58;ERRO - invalid-input-response;2025-07-12 08:36:58;ERRO-captcha
MGF9878;0;9A9V1363071AU3130        ;10425282003814;2025-07-12 08:39:59;ERRO - invalid-input-response;2025-07-12 08:39:59;ERRO-captcha
RRN6F28;1302797147;8AJDA3CD0N1826331        ;10425282004209;2025-07-12 08:40:36;ERRO - invalid-input-response;2025-07-12 08:40:36;ERRO-captcha
SPT7C28;1418244942;93KK0Y1A4RE201167        ;10425282008107;2025-07-12 08:44:50;ERRO - invalid-input-response;2025-07-12 08:44:50;ERRO-captcha
SPL0G78;1399139247;9D8CPR133R1000435        ;10425282003652;2025-07-12 08:48:37;ERRO - invalid-input-response;2025-07-12 08:48:37;ERRO-captcha
QCX7D98;1140276325;9ADG1133HJM418313        ;10425282002095;2025-07-12 08:50:28;ERRO - invalid-input-response;2025-07-12 08:50:28;ERRO-captcha
QCB8A98;1130140781;9C2KD1000HR100012        ;10425282004209;2025-07-12 08:51:00;ERRO - invalid-input-response;2025-07-12 08:51:00;ERRO-captcha
AXT2C48;595555306;9EP071230E1001386        ;10425282004209;2025-07-12 08:58:12;ERRO - invalid-input-response;2025-07-12 08:58:12;ERRO-captcha
QCI6B98;1207918269;9BVRG40D8LE875407        ;10425282003652;2025-07-12 08:58:48;ERRO - invalid-input-response;2025-07-12 08:58:48;ERRO-captcha
QCB8058;1130139961;9C2KD1000HR033530        ;10425282004209;2025-07-12 08:59:23;ERRO - invalid-input-response;2025-07-12 08:59:23;ERRO-captcha
SGB9D78;0;                         ;10425282006325;2025-07-12 09:08:11;ERRO - invalid-input-response;2025-07-12 09:08:11;ERRO-captcha
QCX6I68;1140251870;9ADG1133HJM418159        ;10425282002095;2025-07-12 09:08:45;ERRO - invalid-input-response;2025-07-12 09:08:45;ERRO-captcha
QCE2E08;1202283877;9BSR6X400K3959292        ;10425282003733;2025-07-12 09:16:52;ERRO - invalid-input-response;2025-07-12 09:16:52;ERRO-captcha
QCE2E28;1202286760;9BSR6X400K3959256        ;10425282003733;2025-07-12 09:17:28;ERRO - invalid-input-response;2025-07-12 09:17:28;ERRO-captcha
QCE2F78;1202293139;9BSR6X400K3959260        ;10425282003733;2025-07-12 09:18:03;ERRO - invalid-input-response;2025-07-12 09:18:03;ERRO-captcha
QCE3E78;1202360065;97T0AN663LC007229        ;10425282004624;2025-07-12 09:18:38;ERRO - invalid-input-response;2025-07-12 09:18:38;ERRO-captcha
RRN8B68;1302877183;8AJDA3CD0N1826423        ;10425282003733;2025-07-12 09:36:46;ERRO - invalid-input-response;2025-07-12 09:36:46;ERRO-captcha
RRN8B88;1302878180;8AJDA3CD2N1826380        ;10425282003814;2025-07-12 09:37:24;ERRO - invalid-input-response;2025-07-12 09:37:24;ERRO-captcha
RRN8C18;1302879283;8AJDA3CD7N1826391        ;10425282003814;2025-07-12 09:38:03;ERRO - invalid-input-response;2025-07-12 09:38:03;ERRO-captcha
RRP8A58;1317795420;97TRBD442N2002711        ;10425282003490;2025-07-12 09:38:39;ERRO - invalid-input-response;2025-07-12 09:38:39;ERRO-captcha
SPJ8H38;1399069427;97TZAT663R2000021        ;10425282003490;2025-07-12 09:50:21;ERRO - invalid-input-response;2025-07-12 09:50:21;ERRO-captcha
SPJ8I68;1399071049;97TZAD643R2000010        ;10425282003490;2025-07-12 09:51:07;ERRO - invalid-input-response;2025-07-12 09:51:07;ERRO-captcha
SPL0G28;1399138364;93KP0Y1C3RE197587        ;10425282004209;2025-07-12 09:51:41;ERRO - invalid-input-response;2025-07-12 09:51:41;ERRO-captcha
OAP5498;403258758;9BWMF07X6CP017101        ;10425282004209;2025-07-12 09:52:16;ERRO - invalid-input-response;2025-07-12 09:52:16;ERRO-captcha
SPJ5C38;1398949237;97TZAT663R2000004        ;10425282003490;2025-07-12 09:59:43;ERRO - invalid-input-response;2025-07-12 09:59:43;ERRO-captcha
SPJ5D08;1398950634;97TZAD643R0000006        ;10425282003490;2025-07-12 10:00:17;ERRO - invalid-input-response;2025-07-12 10:00:17;ERRO-captcha
SPJ8D38;1399059260;94BA1153RRV005728        ;10425282002095;2025-07-12 10:00:57;ERRO - invalid-input-response;2025-07-12 10:00:57;ERRO-captcha
SPJ8D68;1399060101;97TZAT663R2000018        ;10425282003490;2025-07-12 10:01:37;ERRO - invalid-input-response;2025-07-12 10:01:37;ERRO-captcha
SPM9E38;1403535660;97TZAD643RC000140        ;10425282003652;2025-07-12 10:14:25;ERRO - invalid-input-response;2025-07-12 10:14:25;ERRO-captcha
SPM9E58;1403535768;97TZAD643RC000133        ;10425282003652;2025-07-12 10:14:59;ERRO - invalid-input-response;2025-07-12 10:14:59;ERRO-captcha
OAY3068;429965621;LZZ5CLSBXBA640999        ;10425282004209;2025-07-12 10:24:06;ERRO - invalid-input-response;2025-07-12 10:24:06;ERRO-captcha
SPT4G98;1417566989;93KKZ60D2SE203664        ;10425282003652;2025-07-12 10:26:00;ERRO - invalid-input-response;2025-07-12 10:26:00;ERRO-captcha
ETL2A08;267879423;9BSP6X400B3673350        ;10425282003652;2025-07-12 10:26:38;ERRO - invalid-input-response;2025-07-12 10:26:38;ERRO-captcha
EWJ1E28;587285648;9BM958074DB936431        ;10425282004209;2025-07-12 10:31:00;ERRO - invalid-input-response;2025-07-12 10:31:00;ERRO-captcha
EWJ1D68;593081374;9BM958074DB940800        ;10425282004209;2025-07-12 10:31:37;ERRO - invalid-input-response;2025-07-12 10:31:37;ERRO-captcha
AMB2D18;627265847;9BM386364RB035559        ;10425282004896;2025-07-12 10:32:11;ERRO - invalid-input-response;2025-07-12 10:32:11;ERRO-captcha
CGO6488;657972720;9BFX2SLZ6TDB15366        ;10425282004896;2025-07-12 10:32:58;ERRO - invalid-input-response;2025-07-12 10:32:58;ERRO-captcha
QCX8E98;1140298426;9ADG0933HJM418531        ;10425282002095;2025-07-12 10:46:25;ERRO - invalid-input-response;2025-07-12 10:46:25;ERRO-captcha
QCE3E88;1202361169;97T0AN663LC007228        ;10425282004624;2025-07-12 10:47:00;ERRO - invalid-input-response;2025-07-12 10:47:00;ERRO-captcha
QCX6H78;1140248860;9ADG0933HJM417065        ;10425282002095;2025-07-12 10:47:38;ERRO - invalid-input-response;2025-07-12 10:47:38;ERRO-captcha
RRP8D28;1317799132;97TRBD442N2002715        ;10425282003490;2025-07-12 10:48:15;ERRO - invalid-input-response;2025-07-12 10:48:15;ERRO-captcha
QCX9I78;1140382451;9ADG1133HJM417070        ;10425282002095;2025-07-12 10:55:59;ERRO - invalid-input-response;2025-07-12 10:55:59;ERRO-captcha
QCX8D78;1140298108;9ADG0933HJM418111        ;10425282002095;2025-07-12 11:09:19;ERRO - invalid-input-response;2025-07-12 11:09:19;ERRO-captcha
RRP8D48;1317799493;97T0BN422N2009921        ;10425282003652;2025-07-12 11:09:55;ERRO - invalid-input-response;2025-07-12 11:09:55;ERRO-captcha
QCX8E18;1140298205;9ADG1133HJM418112        ;10425282002095;2025-07-12 11:10:33;ERRO - invalid-input-response;2025-07-12 11:10:33;ERRO-captcha
QCX8E68;1140298310;9ADG0933HJM418256        ;10425282002095;2025-07-12 11:11:08;ERRO - invalid-input-response;2025-07-12 11:11:08;ERRO-captcha
SPJ5E38;1398952483;97TZAD643R2000005        ;10425282003490;2025-07-12 11:25:26;ERRO - invalid-input-response;2025-07-12 11:25:26;ERRO-captcha
SPJ5G38;1398956330;97TZAT663RC000106        ;10425282003490;2025-07-12 11:26:01;ERRO - invalid-input-response;2025-07-12 11:26:01;ERRO-captcha
SPJ5G48;1398956578;97TZAT663RC000107        ;10425282003490;2025-07-12 11:26:36;ERRO - invalid-input-response;2025-07-12 11:26:36;ERRO-captcha
SPJ5H18;1398956934;97TZAD643RC000119        ;10425282003490;2025-07-12 11:27:11;ERRO - invalid-input-response;2025-07-12 11:27:11;ERRO-captcha
NJO1338;116320940;94BB084389R010113        ;10425282004896;2025-07-12 11:41:31;ERRO - invalid-input-response;2025-07-12 11:41:31;ERRO-captcha
SPM9F68;1403538058;97TZAT663RC000121        ;10425282003652;2025-07-12 11:42:05;ERRO - invalid-input-response;2025-07-12 11:42:05;ERRO-captcha
QCX7A28;1140258645;9ADG1133HJM417110        ;10425282002095;2025-07-12 11:42:41;ERRO - invalid-input-response;2025-07-12 11:42:41;ERRO-captcha
