PLACA;RENAVAM;CHASSIS;NUM_DOCUMENTO;DT_ULT_CONSULTA_DETRAN;STATUS_LICENCIAMENTO;VALOR_LICENCIAMENTO;ARQUIVO_LICENCIAMENTO;DT_ULT_CONSULTA_MULTAS;STATUS_MULTAS;MULTAS;PRECO_MULTAS;ARQUIVO_MULTAS
OBI4777;495234575;9A9DR1762DLDJ5042        ;10425282000122;2025-08-07 07:25:05;QUITADO;140.0;C:\BOT\LICENCIAMENTO\Lic Licenciamento 2025 - RENAVAM 495234575.pdf;2025-08-07 07:25:26;A PAGAR;2;312.39;S:\Automacao\bot\MULTAS\MULTAS - 2025 - RENAVAM 495234575.pdf
RRU0F47;1332495904;9BVRG40D3NE931001        ;10425282003229;2025-08-07 07:33:49;A PAGAR;197.0;S:\Automacao\bot\LICENCIAMENTO\TESTE Lic Licenciamento 2025 - RENAVAM 1332495904.pdf;2025-08-07 07:34:09;A PAGAR;1;197.18;S:\Automacao\bot\MULTAS\MULTAS - 2025 - RENAVAM 1332495904.pdf
QCR3947;1163791307;9BM979028JB107548        ;10425282003652;2025-08-07 07:39:24;A PAGAR;131.0;S:\Automacao\bot\LICENCIAMENTO\TESTE Lic Licenciamento 2025 - RENAVAM 1163791307.pdf;2025-08-07 07:39:45;A PAGAR;2;339.72;S:\Automacao\bot\MULTAS\MULTAS - 2025 - RENAVAM 1163791307.pdf
RRS8J77;1325863731;9BD281B9JPYY11078        ;10425282003229;2025-08-07 07:49:54;QUITADO;189.34;C:\BOT\LICENCIAMENTO\Lic Licenciamento 2025 - RENAVAM 1325863731.pdf;2025-08-07 07:50:19;A PAGAR;4;912.59;S:\Automacao\bot\MULTAS\MULTAS - 2025 - RENAVAM 1325863731.pdf
OAT5A87;409730572;9A9BA2533CCDJ5585        ;10425282000122;2025-08-07 07:52:26;A PAGAR;32.0;S:\Automacao\bot\LICENCIAMENTO\TESTE Lic Licenciamento 2025 - RENAVAM 409730572.pdf;2025-08-07 07:52:28;SEM DEBITOS;0;;
QCE2F57;1202292469;9BSR6X400K3959303        ;10425282003733;2025-08-07 07:59:59;A PAGAR;525.0;S:\Automacao\bot\LICENCIAMENTO\TESTE Lic Licenciamento 2025 - RENAVAM 1202292469.pdf;2025-08-07 08:00:43;A PAGAR;3;525.82;S:\Automacao\bot\MULTAS\MULTAS - 2025 - RENAVAM 1202292469.pdf
RAX4H67;1281177684;8AJDA3CD5M1823598        ;10425282006597;2025-08-07 08:46:05;A PAGAR;495.0;S:\Automacao\bot\LICENCIAMENTO\TESTE Lic Licenciamento 2025 - RENAVAM 1281177684.pdf;2025-08-07 08:46:29;A PAGAR;3;495.37;S:\Automacao\bot\MULTAS\MULTAS - 2025 - RENAVAM 1281177684.pdf
RAX4H97;1281179156;8AJDA3CD9M1823605        ;10425282003229;2025-08-07 08:47:41;A PAGAR;135.0;S:\Automacao\bot\LICENCIAMENTO\TESTE Lic Licenciamento 2025 - RENAVAM 1281179156.pdf;2025-08-07 08:48:01;A PAGAR;1;135.75;S:\Automacao\bot\MULTAS\MULTAS - 2025 - RENAVAM 1281179156.pdf
RAT9A87;1265711604;9BVRG40D7ME899823        ;10425282003652;2025-08-07 09:06:19;QUITADO;140.0;C:\BOT\LICENCIAMENTO\Lic Licenciamento 2025 - RENAVAM 1265711604.pdf;2025-08-07 09:06:39;A PAGAR;2;312.39;S:\Automacao\bot\MULTAS\MULTAS - 2025 - RENAVAM 1265711604.pdf
RAX4G37;1281175762;8AJDA3CD9M1823586        ;10425282003652;2025-08-07 09:11:41;QUITADO;140.0;C:\BOT\LICENCIAMENTO\Lic Licenciamento 2025 - RENAVAM 1281175762.pdf;2025-08-07 09:12:02;A PAGAR;2;312.39;S:\Automacao\bot\MULTAS\MULTAS - 2025 - RENAVAM 1281175762.pdf
RAZ7H57;1281782634;9539B8TJ9NR203097        ;73112739191;2025-08-07 09:15:01;QUITADO;140.0;C:\BOT\LICENCIAMENTO\Lic Licenciamento 2025 - RENAVAM 1281782634.pdf;2025-08-07 09:15:21;A PAGAR;1;104.13;S:\Automacao\bot\MULTAS\MULTAS - 2025 - RENAVAM 1281782634.pdf
RRU1F67;1332496498;9BVRG40D8NE930997        ;10425282004624;2025-08-07 09:46:05;QUITADO;140.0;C:\BOT\LICENCIAMENTO\Lic Licenciamento 2025 - RENAVAM 1332496498.pdf;2025-08-07 09:46:25;A PAGAR;1;104.13;S:\Automacao\bot\MULTAS\MULTAS - 2025 - RENAVAM 1332496498.pdf
RRX0C67;1333675930;9BVRG40D3NE930915        ;10425282006597;2025-08-07 09:47:32;A PAGAR;197.0;S:\Automacao\bot\LICENCIAMENTO\TESTE Lic Licenciamento 2025 - RENAVAM 1333675930.pdf;2025-08-07 09:47:52;A PAGAR;1;197.18;S:\Automacao\bot\MULTAS\MULTAS - 2025 - RENAVAM 1333675930.pdf
RRY4F57;1352113977;WV1DA42H5PA015922        ;10425282004209;2025-08-07 09:52:13;A PAGAR;4.55;S:\Automacao\bot\LICENCIAMENTO\TESTE Lic Licenciamento 2025 - RENAVAM 1352113977.pdf;2025-08-07 09:51:57;SEM DEBITOS;0;;
RRX8H67;1334047674;9BVRG40D1NE930821        ;10425282003652;2025-08-07 09:53:41;A PAGAR;197.0;S:\Automacao\bot\LICENCIAMENTO\TESTE Lic Licenciamento 2025 - RENAVAM 1334047674.pdf;2025-08-07 09:54:01;A PAGAR;1;197.18;S:\Automacao\bot\MULTAS\MULTAS - 2025 - RENAVAM 1334047674.pdf
RRY4H37;1352120760;WV1DA42H0PA016427        ;10425282003229;2025-08-07 09:54:59;QUITADO;189.34;C:\BOT\LICENCIAMENTO\Lic Licenciamento 2025 - RENAVAM 1352120760.pdf;2025-08-07 09:55:20;A PAGAR;2;520.63;S:\Automacao\bot\MULTAS\MULTAS - 2025 - RENAVAM 1352120760.pdf
SPM1I57;1395802871;9C2KD0810RR143340        ;10425282004209;2025-08-07 09:59:17;A PAGAR;32.0;S:\Automacao\bot\LICENCIAMENTO\TESTE Lic Licenciamento 2025 - RENAVAM 1395802871.pdf;2025-08-07 09:59:19;SEM DEBITOS;0;;
SPS3E67;1416007056;9BVRT60D8SE614137        ;10425282003490;2025-08-07 10:12:16;QUITADO;140.0;C:\BOT\LICENCIAMENTO\Lic Licenciamento 2025 - RENAVAM 1416007056.pdf;2025-08-07 10:12:42;A PAGAR;1;156.18;S:\Automacao\bot\MULTAS\MULTAS - 2025 - RENAVAM 1416007056.pdf
QCR4B27;1163794918;9BM979028JB110208        ;10425282003652;2025-08-07 10:22:59;A PAGAR;409.0;S:\Automacao\bot\LICENCIAMENTO\TESTE Lic Licenciamento 2025 - RENAVAM 1163794918.pdf;2025-08-07 10:23:19;A PAGAR;2;409.8;S:\Automacao\bot\MULTAS\MULTAS - 2025 - RENAVAM 1163794918.pdf
QCX0987;1165891759;9C2KD1000JR013362        ;10425282004209;2025-08-07 10:27:52;A PAGAR;189.0;S:\Automacao\bot\LICENCIAMENTO\TESTE Lic Licenciamento 2025 - RENAVAM 1165891759.pdf;2025-08-07 10:27:54;SEM DEBITOS;0;;
QCD6H17;1194869170;9BSR6X400K3954985        ;10425282003229;2025-08-07 10:29:16;A PAGAR;197.0;S:\Automacao\bot\LICENCIAMENTO\TESTE Lic Licenciamento 2025 - RENAVAM 1194869170.pdf;2025-08-07 10:29:37;A PAGAR;2;353.36;S:\Automacao\bot\MULTAS\MULTAS - 2025 - RENAVAM 1194869170.pdf
QCE2F37;1202291462;9BSR6X400K3958818        ;10425282003733;2025-08-07 10:44:04;QUITADO;140.0;C:\BOT\LICENCIAMENTO\Lic Licenciamento 2025 - RENAVAM 1202291462.pdf;2025-08-07 10:44:24;A PAGAR;1;234.78;S:\Automacao\bot\MULTAS\MULTAS - 2025 - RENAVAM 1202291462.pdf
QCN1G17;1234140885;WV1DA22H0LA010318        ;10425282003229;2025-08-07 10:45:18;QUITADO;140.0;C:\BOT\LICENCIAMENTO\Lic Licenciamento 2025 - RENAVAM 1234140885.pdf;2025-08-07 10:45:38;A PAGAR;1;469.55;S:\Automacao\bot\MULTAS\MULTAS - 2025 - RENAVAM 1234140885.pdf
RRS8H77;1325858363;9BD281B9JPYY08551        ;10425282003571;2025-08-07 11:08:44;A PAGAR;301.0;S:\Automacao\bot\LICENCIAMENTO\TESTE Lic Licenciamento 2025 - RENAVAM 1325858363.pdf;2025-08-07 11:09:04;A PAGAR;2;301.54;S:\Automacao\bot\MULTAS\MULTAS - 2025 - RENAVAM 1325858363.pdf
RRT9F27;1332493286;9BVRG40D0D0NE930692      ;10425282003733;2025-08-07 11:14:10;QUITADO;140.0;C:\BOT\LICENCIAMENTO\Lic Licenciamento 2025 - RENAVAM 1332493286.pdf;2025-08-07 11:14:30;A PAGAR;2;312.36;S:\Automacao\bot\MULTAS\MULTAS - 2025 - RENAVAM 1332493286.pdf
RRU0D77;1332495718;9BVRG40D2NE930995        ;10425282004624;2025-08-07 11:15:27;QUITADO;140.0;C:\BOT\LICENCIAMENTO\Lic Licenciamento 2025 - RENAVAM 1332495718.pdf;2025-08-07 11:15:47;A PAGAR;1;156.18;S:\Automacao\bot\MULTAS\MULTAS - 2025 - RENAVAM 1332495718.pdf
QCY4887;1166402654;9BM979028JB110473        ;10425282003229;2025-08-07 11:39:14;A PAGAR;222.0;S:\Automacao\bot\LICENCIAMENTO\TESTE Lic Licenciamento 2025 - RENAVAM 1166402654.pdf;2025-08-07 11:39:34;A PAGAR;1;222.79;S:\Automacao\bot\MULTAS\MULTAS - 2025 - RENAVAM 1166402654.pdf
RAT9A47;1265710810;9BVRG40DXME899819        ;10425282003652;2025-08-07 12:00:08;QUITADO;140.0;C:\BOT\LICENCIAMENTO\Lic Licenciamento 2025 - RENAVAM 1265710810.pdf;2025-08-07 12:00:26;A PAGAR;1;208.26;S:\Automacao\bot\MULTAS\MULTAS - 2025 - RENAVAM 1265710810.pdf
RAT9B87;1265713020;9BVRG40D8ME899908        ;10425282003733;2025-08-07 12:04:33;A PAGAR;197.0;S:\Automacao\bot\LICENCIAMENTO\TESTE Lic Licenciamento 2025 - RENAVAM 1265713020.pdf;2025-08-07 12:04:53;A PAGAR;1;197.18;S:\Automacao\bot\MULTAS\MULTAS - 2025 - RENAVAM 1265713020.pdf
NTX9H47;225584441;94BA1152AAV027869        ;10425282004896;2025-05-08 11:14:00;A PAGAR;189.34;C:\BOT\LICENCIAMENTO\Lic Licenciamento 2025 - RENAVAM 225584441.pdf;;;;;
OAT6D67;410574864;9BVP0F0AXBE130555        ;10425282000122;2025-08-07 12:14:15;A PAGAR;32.0;S:\Automacao\bot\LICENCIAMENTO\TESTE Lic Licenciamento 2025 - RENAVAM 410574864.pdf;2025-08-07 12:14:17;SEM DEBITOS;0;;
RRU0D67;1332496943;9A9V1523NPMFW4162        ;10425282003229;2025-08-07 12:48:56;QUITADO;140.0;C:\BOT\LICENCIAMENTO\Lic Licenciamento 2025 - RENAVAM 1332496943.pdf;2025-08-07 12:49:15;A PAGAR;1;156.18;S:\Automacao\bot\MULTAS\MULTAS - 2025 - RENAVAM 1332496943.pdf
OBI9A47;495472840;9A9BD1742DCDJ5063        ;10425282000122;2025-08-07 12:51:09;QUITADO;140.0;C:\BOT\LICENCIAMENTO\Lic Licenciamento 2025 - RENAVAM 495472840.pdf;2025-08-07 12:51:29;A PAGAR;1;156.18;S:\Automacao\bot\MULTAS\MULTAS - 2025 - RENAVAM 495472840.pdf
QCE3E17;1202356858;97T0AN663LC007236        ;10425282004624;2025-08-07 13:09:44;A PAGAR;131.0;S:\Automacao\bot\LICENCIAMENTO\TESTE Lic Licenciamento 2025 - RENAVAM 1202356858.pdf;2025-08-07 13:10:06;A PAGAR;3;443.85;S:\Automacao\bot\MULTAS\MULTAS - 2025 - RENAVAM 1202356858.pdf
SPS3E57;1416006491;9BVRT60D8SE613975        ;10425282003490;2025-08-07 10:11:00;A PAGAR;197.0;S:\Automacao\bot\LICENCIAMENTO\TESTE Lic Licenciamento 2025 - RENAVAM 1416006491.pdf;2025-08-07 10:11:20;A PAGAR;1;197.18;S:\Automacao\bot\MULTAS\MULTAS - 2025 - RENAVAM 1416006491.pdf
QCD6H47;1194869847;9BSR6X400K3954987        ;10425282004462;2025-08-07 10:31:55;A PAGAR;481.0;S:\Automacao\bot\LICENCIAMENTO\TESTE Lic Licenciamento 2025 - RENAVAM 1194869847.pdf;2025-08-07 10:32:16;A PAGAR;2;481.73;S:\Automacao\bot\MULTAS\MULTAS - 2025 - RENAVAM 1194869847.pdf
QCD6I27;1194872236;9BSR6X400K3955131        ;10425282004462;2025-08-07 10:36:10;A PAGAR;197.0;S:\Automacao\bot\LICENCIAMENTO\TESTE Lic Licenciamento 2025 - RENAVAM 1194872236.pdf;2025-08-07 10:36:30;A PAGAR;2;301.31;S:\Automacao\bot\MULTAS\MULTAS - 2025 - RENAVAM 1194872236.pdf
QCD6I47;1194872805;9BSR6X400K3955135        ;10425282004462;2025-08-07 10:37:40;A PAGAR;197.0;S:\Automacao\bot\LICENCIAMENTO\TESTE Lic Licenciamento 2025 - RENAVAM 1194872805.pdf;2025-08-07 10:38:00;A PAGAR;1;197.18;S:\Automacao\bot\MULTAS\MULTAS - 2025 - RENAVAM 1194872805.pdf
QCE2B47;1202258961;9BSR6X400K3959262        ;10425282004624;2025-08-07 10:40:09;A PAGAR;591.0;S:\Automacao\bot\LICENCIAMENTO\TESTE Lic Licenciamento 2025 - RENAVAM 1202258961.pdf;2025-08-07 10:40:32;A PAGAR;3;591.56;S:\Automacao\bot\MULTAS\MULTAS - 2025 - RENAVAM 1202258961.pdf
QCE2E97;1202289450;9BSR6X400K3959258        ;10425282003733;2025-08-07 10:42:39;QUITADO;140.0;C:\BOT\LICENCIAMENTO\Lic Licenciamento 2025 - RENAVAM 1202289450.pdf;2025-08-07 10:43:01;A PAGAR;2;226.88;S:\Automacao\bot\MULTAS\MULTAS - 2025 - RENAVAM 1202289450.pdf
SPR7J67;1415282274;9BVRT60D9SE613378        ;10425282003490;2025-08-07 10:54:24;A PAGAR;394.0;S:\Automacao\bot\LICENCIAMENTO\TESTE Lic Licenciamento 2025 - RENAVAM 1415282274.pdf;2025-08-07 10:54:45;A PAGAR;2;394.36;S:\Automacao\bot\MULTAS\MULTAS - 2025 - RENAVAM 1415282274.pdf
RRN7E87;1302349586;93YJ62000PJ243150        ;10425282004209;2025-08-07 11:06:04;QUITADO;189.34;C:\BOT\LICENCIAMENTO\Lic Licenciamento 2025 - RENAVAM 1302349586.pdf;2025-08-07 11:06:26;A PAGAR;2;468.55;S:\Automacao\bot\MULTAS\MULTAS - 2025 - RENAVAM 1302349586.pdf
RRS8H97;1325858614;9BD281B9JPYY11139        ;10425282003229;2025-08-07 11:12:04;A PAGAR;197.0;S:\Automacao\bot\LICENCIAMENTO\TESTE Lic Licenciamento 2025 - RENAVAM 1325858614.pdf;2025-08-07 11:12:24;A PAGAR;2;509.55;S:\Automacao\bot\MULTAS\MULTAS - 2025 - RENAVAM 1325858614.pdf
QCY5067;1166407745;9C2KD1000JR133795        ;10425282004209;2025-08-07 11:42:24;A PAGAR;189.0;S:\Automacao\bot\LICENCIAMENTO\TESTE Lic Licenciamento 2025 - RENAVAM 1166407745.pdf;2025-08-07 11:42:26;SEM DEBITOS;0;;
RAT8I27;1265707593;9BVRG40D0ME899909        ;10425282003229;2025-08-07 11:44:41;A PAGAR;197.0;S:\Automacao\bot\LICENCIAMENTO\TESTE Lic Licenciamento 2025 - RENAVAM 1265707593.pdf;2025-08-07 11:45:00;A PAGAR;1;197.18;S:\Automacao\bot\MULTAS\MULTAS - 2025 - RENAVAM 1265707593.pdf
RAT8F67;1265703636;9BVRG40D0ME899914        ;10425282003733;2025-08-07 11:48:58;A PAGAR;197.0;S:\Automacao\bot\LICENCIAMENTO\TESTE Lic Licenciamento 2025 - RENAVAM 1265703636.pdf;2025-08-07 11:49:16;A PAGAR;1;197.18;S:\Automacao\bot\MULTAS\MULTAS - 2025 - RENAVAM 1265703636.pdf
RAT8G37;1265704519;9BVRG40D8ME899913        ;10425282003229;2025-08-07 11:50:28;A PAGAR;197.0;S:\Automacao\bot\LICENCIAMENTO\TESTE Lic Licenciamento 2025 - RENAVAM 1265704519.pdf;2025-08-07 11:50:48;A PAGAR;1;197.18;S:\Automacao\bot\MULTAS\MULTAS - 2025 - RENAVAM 1265704519.pdf
RAT8G87;1265705256;9BVRG40D5ME899912        ;10425282003229;2025-08-07 11:51:59;A PAGAR;262.0;S:\Automacao\bot\LICENCIAMENTO\TESTE Lic Licenciamento 2025 - RENAVAM 1265705256.pdf;2025-08-07 11:52:19;A PAGAR;1;262.92;S:\Automacao\bot\MULTAS\MULTAS - 2025 - RENAVAM 1265705256.pdf
RAT8J87;1265709561;9BVRG40D5ME899810        ;10425282003652;2025-08-07 11:57:27;A PAGAR;899.0;S:\Automacao\bot\LICENCIAMENTO\TESTE Lic Licenciamento 2025 - RENAVAM 1265709561.pdf;2025-08-07 11:57:45;A PAGAR;4;899.11;S:\Automacao\bot\MULTAS\MULTAS - 2025 - RENAVAM 1265709561.pdf
RAT9A17;1265710314;9BVRG40D7ME899818        ;10425282003652;2025-08-07 11:58:54;A PAGAR;880.0;S:\Automacao\bot\LICENCIAMENTO\TESTE Lic Licenciamento 2025 - RENAVAM 1265710314.pdf;2025-08-07 11:59:12;A PAGAR;3;880.3;S:\Automacao\bot\MULTAS\MULTAS - 2025 - RENAVAM 1265710314.pdf
OAT6G97;410780944;9BVP0F0A7BE131758        ;10425282000122;2025-08-07 12:20:57;A PAGAR;32.0;S:\Automacao\bot\LICENCIAMENTO\TESTE Lic Licenciamento 2025 - RENAVAM 410780944.pdf;2025-08-07 12:20:59;SEM DEBITOS;0;;
OAT6H07;410791091;9BVP0F0A9BE131695        ;10425282000122;2025-08-07 12:22:10;A PAGAR;32.0;S:\Automacao\bot\LICENCIAMENTO\TESTE Lic Licenciamento 2025 - RENAVAM 410791091.pdf;2025-08-07 12:22:13;SEM DEBITOS;0;;
OAY7I37;450838765;9BFLF4793BB098297        ;10425282004209;2025-08-07 12:26:04;A PAGAR;407.0;S:\Automacao\bot\LICENCIAMENTO\TESTE Lic Licenciamento 2025 - RENAVAM 450838765.pdf;2025-08-07 12:26:25;A PAGAR;2;407.04;S:\Automacao\bot\MULTAS\MULTAS - 2025 - RENAVAM 450838765.pdf
JYQ6057;889437840;9A9FR37637CDB5507        ;10425282003490;2025-08-07 12:33:06;A PAGAR;402.0;S:\Automacao\bot\LICENCIAMENTO\TESTE Lic Licenciamento 2025 - RENAVAM 889437840.pdf;2025-08-07 12:33:27;A PAGAR;2;402.78;S:\Automacao\bot\MULTAS\MULTAS - 2025 - RENAVAM 889437840.pdf
CSK0947;962661546;9BM3840678B577849        ;10425282003814;2025-08-07 12:35:32;A PAGAR;189.0;S:\Automacao\bot\LICENCIAMENTO\TESTE Lic Licenciamento 2025 - RENAVAM 962661546.pdf;2025-08-07 12:35:34;SEM DEBITOS;0;;
SPR7J97;1415283904;9BVRT60D9SE613898        ;10425282003490;2025-08-07 07:02:00;A PAGAR;394.0;S:\Automacao\bot\LICENCIAMENTO\TESTE Lic Licenciamento 2025 - RENAVAM 1415283904.pdf;2025-08-07 07:02:20;A PAGAR;1;394.36;S:\Automacao\bot\MULTAS\MULTAS - 2025 - RENAVAM 1415283904.pdf
QCU7F37;1165356462;9BM979028JB112720        ;10425282003490;2025-08-07 07:45:35;A PAGAR;397.0;S:\Automacao\bot\LICENCIAMENTO\TESTE Lic Licenciamento 2025 - RENAVAM 1165356462.pdf;2025-08-07 07:45:56;A PAGAR;2;397.29;S:\Automacao\bot\MULTAS\MULTAS - 2025 - RENAVAM 1165356462.pdf
RRU0E77;1332494932;9BVRG40D4NE930762        ;10425282003733;2025-08-07 08:06:25;A PAGAR;131.0;S:\Automacao\bot\LICENCIAMENTO\TESTE Lic Licenciamento 2025 - RENAVAM 1332494932.pdf;2025-08-07 08:06:45;A PAGAR;1;131.46;S:\Automacao\bot\MULTAS\MULTAS - 2025 - RENAVAM 1332494932.pdf
RAZ4H17;1281676508;9BVRG40D2ME908375        ;10425282004624;2025-08-07 08:15:20;A PAGAR;197.0;S:\Automacao\bot\LICENCIAMENTO\TESTE Lic Licenciamento 2025 - RENAVAM 1281676508.pdf;2025-08-07 08:15:40;A PAGAR;1;197.18;S:\Automacao\bot\MULTAS\MULTAS - 2025 - RENAVAM 1281676508.pdf
RRX8H27;1334046732;9BVRG40D7NE930904        ;10425282003229;2025-08-07 08:24:20;A PAGAR;131.0;S:\Automacao\bot\LICENCIAMENTO\TESTE Lic Licenciamento 2025 - RENAVAM 1334046732.pdf;2025-08-07 08:24:41;A PAGAR;2;366.24;S:\Automacao\bot\MULTAS\MULTAS - 2025 - RENAVAM 1334046732.pdf
RRS8I87;1325860007;9BD281B9JPYX97719        ;10425282003571;2025-08-07 08:59:53;A PAGAR;131.0;S:\Automacao\bot\LICENCIAMENTO\TESTE Lic Licenciamento 2025 - RENAVAM 1325860007.pdf;2025-08-07 09:00:13;A PAGAR;1;131.46;S:\Automacao\bot\MULTAS\MULTAS - 2025 - RENAVAM 1325860007.pdf
RRU0G47;1332494819;9BVRG40D4NE930822        ;10425282003652;2025-08-07 09:20:04;A PAGAR;197.0;S:\Automacao\bot\LICENCIAMENTO\TESTE Lic Licenciamento 2025 - RENAVAM 1332494819.pdf;2025-08-07 09:20:24;A PAGAR;1;197.18;S:\Automacao\bot\MULTAS\MULTAS - 2025 - RENAVAM 1332494819.pdf
RRU1G77;1332496234;9BVRG40D9NE930917        ;10425282004624;2025-08-07 09:21:30;A PAGAR;197.0;S:\Automacao\bot\LICENCIAMENTO\TESTE Lic Licenciamento 2025 - RENAVAM 1332496234.pdf;2025-08-07 09:21:50;A PAGAR;1;197.18;S:\Automacao\bot\MULTAS\MULTAS - 2025 - RENAVAM 1332496234.pdf
RRU1G27;1332496382;9BVRG40D0NE930998        ;10425282004624;2025-08-07 09:23:02;A PAGAR;690.0;S:\Automacao\bot\LICENCIAMENTO\TESTE Lic Licenciamento 2025 - RENAVAM 1332496382.pdf;2025-08-07 09:23:25;A PAGAR;3;794.89;S:\Automacao\bot\MULTAS\MULTAS - 2025 - RENAVAM 1332496382.pdf
RRS8I17;1325859149;9882261RPPKE91702        ;10425282004209;2025-08-07 09:25:28;A PAGAR;675.0;S:\Automacao\bot\LICENCIAMENTO\TESTE Lic Licenciamento 2025 - RENAVAM 1325859149.pdf;2025-08-07 09:25:49;A PAGAR;2;675.99;S:\Automacao\bot\MULTAS\MULTAS - 2025 - RENAVAM 1325859149.pdf
KEU0557;785158537;9ADC169322M177733        ;79892515153;2025-08-07 09:34:33;A PAGAR;189.0;S:\Automacao\bot\LICENCIAMENTO\TESTE Lic Licenciamento 2025 - RENAVAM 785158537.pdf;2025-08-07 09:34:35;SEM DEBITOS;0;;
