PLACA;RENAVAM;CHASSIS;NUM_DOCUMENTO;DT_ULT_CONSULTA_DETRAN;STATUS_LICENCIAMENTO;DT_ULT_CONSULTA_MULTAS;STATUS_MULTAS
QCX0J97;1165892720;9C2KD1000JR013365        ;10425282004209;2025-08-07 07:32:40;ERRO - Documento N/ Confere;2025-08-07 07:32:40;ERRO-Doc
OAZ0447;1124943843;9C2KD1000HR031338        ;10425282003490;2025-08-07 07:54:17;ERRO - Documento N/ Confere;2025-08-07 07:54:17;ERRO-Doc
QCY4H97;1166400546;9BM979028JB112016        ;10425282003733;2025-08-07 08:23:10;ERRO - invalid-input-response;2025-08-07 08:23:10;ERRO-captcha
QCY5047;1166407320;9C2KD1000JR133646        ;10425282004209;2025-08-07 08:33:10;ERRO - Documento N/ Confere;2025-08-07 08:33:10;ERRO-Doc
QCB5467;1128771192;9C2KD1000HR034913        ;10425282004462;2025-08-07 08:34:03;ERRO - Documento N/ Confere;2025-08-07 08:34:03;ERRO-Doc
RAT9B77;1265712899;9BVRG40D9ME899815        ;10425282003229;2025-08-07 09:07:52;ERRO - invalid-input-response;2025-08-07 09:07:52;ERRO-captcha
RRX8H97;1334048115;9BVRG40D3NE930999        ;10425282003229;2025-08-07 09:50:56;ERRO - invalid-input-response;2025-08-07 09:50:56;ERRO-captcha
SPQ8G77;1403574615;9882261PESKF89297        ;10425282004209;2025-08-07 10:06:56;ERRO - invalid-input-response;2025-08-07 10:06:56;ERRO-captcha
QCQ8F27;1163547848;9BM979028JB109715        ;10425282003490;2025-08-07 10:19:46;ERRO - invalid-input-response;2025-08-07 10:19:46;ERRO-captcha
QCU7E37;1165355954;9BM979028JB112967        ;10425282003229;2025-08-07 10:25:27;ERRO - invalid-input-response;2025-08-07 10:25:27;ERRO-captcha
QCU7E87;1165356195;9BM979028JB112741        ;10425282003490;2025-08-07 10:26:40;ERRO - invalid-input-response;2025-08-07 10:26:40;ERRO-captcha
RAX4H77;1281178834;8AJDA3CDXM1823614        ;10425282006597;2025-08-07 11:05:08;ERRO - Documento N/ Confere;2025-08-07 11:05:08;ERRO-Doc
RRS8H67;1325858380;9882261RPPKE86350        ;10425282004209;2025-08-07 11:09:57;ERRO - Documento N/ Confere;2025-08-07 11:09:57;ERRO-Doc
OBI4I57;495236136;9A9BD1742DCDJ5073        ;10425282000122;2025-08-07 11:31:07;ERRO - invalid-input-response;2025-08-07 11:31:07;ERRO-captcha
OBI4J37;495237183;9A9BD1742DCDJ5076        ;10425282000122;2025-08-07 11:32:22;ERRO - invalid-input-response;2025-08-07 11:32:22;ERRO-captcha
QCY5027;1166407001;9C2KD1000JR133765        ;10425282004209;2025-08-07 11:41:19;ERRO - Documento N/ Confere;2025-08-07 11:41:19;ERRO-Doc
QCP1G67;1129072840;9A9S3CTLRH1AH8031        ;10425282004209;2025-08-07 12:44:12;ERRO - invalid-input-response;2025-08-07 12:44:12;ERRO-captcha
OAY3937;596054564;9A9LS01CPDBDT6252        ;10425282004209;2025-08-07 13:03:57;ERRO - invalid-input-response;2025-08-07 13:03:57;ERRO-captcha
OBI9A27;495471844;9A9DR1762DLDJ5048        ;10425282000122;2025-08-07 13:21:25;ERRO - invalid-input-response;2025-08-07 13:21:25;ERRO-captcha
AOJ5427;90672670;93KP0E0C56E108593        ;10425282005191;2025-08-07 09:42:22;ERRO - Renavam Invalido;2025-08-07 09:42:22;ERRO-Renavam
QCE2E17;1202285543;9BSR6X400K3959307        ;10425282003733;2025-08-07 10:41:45;ERRO - invalid-input-response;2025-08-07 10:41:45;ERRO-captcha
RAT8H47;1265706023;9BVRG40D2ME899911        ;10425282003733;2025-08-07 11:53:31;ERRO - invalid-input-response;2025-08-07 11:53:31;ERRO-captcha
QCU7567;1165356608;9BM979028JB112713        ;10425282003490;2025-08-07 07:47:08;ERRO - invalid-input-response;2025-08-07 07:47:08;ERRO-captcha
RRM3A07;1299988447;8AJKA3CD7N3099636        ;10425282004209;2025-08-07 08:54:55;ERRO - invalid-input-response;2025-08-07 08:54:55;ERRO-captcha
RRS8J27;1325860724;9BD281B9JPYY07028        ;10425282003229;2025-08-07 09:01:30;ERRO - invalid-input-response;2025-08-07 09:01:30;ERRO-captcha
OAZ0317;1124939927;9C2KD1000HR029686        ;10425282003490;2025-08-07 09:03:15;ERRO - Documento N/ Confere;2025-08-07 09:03:15;ERRO-Doc
RAT9A37;1265710292;9BVRG40D8ME899811        ;10425282003652;2025-08-07 09:04:30;ERRO - invalid-input-response;2025-08-07 09:04:30;ERRO-captcha
