PLACA;RENAVAM;CHASSIS;NUM_DOCUMENTO;DT_ULT_CONSULTA_DETRAN;STATUS_LICENCIAMENTO;VALOR_LICENCIAMENTO;ARQUIVO_LICENCIAMENTO;DT_ULT_CONSULTA_MULTAS;STATUS_MULTAS;MULTAS;PRECO_MULTAS;ARQUIVO_MULTAS
QCC1F56;1195609261;9BSR6X400K3955697        ;10425282004624;2025-08-06 09:30:20;A PAGAR;197.0;S:\Automacao\bot\LICENCIAMENTO\TESTE Lic Licenciamento 2025 - RENAVAM 1195609261.pdf;2025-08-06 09:30:40;A PAGAR;1;197.18;S:\Automacao\bot\MULTAS\MULTAS - 2025 - RENAVAM 1195609261.pdf
QCF9756;1197829501;94BC1583KKV066922        ;10425282003490;2025-05-07 17:23:45;A PAGAR;189.34;C:\BOT\LICENCIAMENTO\Lic Licenciamento 2025 - RENAVAM 1197829501.pdf;;;;;
QBF3E06;1012320305;93KP0S1D4EE148585        ;10425282003229;2025-05-08 08:00:33;A PAGAR;189.34;C:\BOT\LICENCIAMENTO\Lic Licenciamento 2025 - RENAVAM 1012320305.pdf;;;;;
QCV2C26;1200746691;9BVRG40D3LE869867        ;10425282003571;2025-05-07 16:54:28;A PAGAR;189.34;C:\BOT\LICENCIAMENTO\Lic Licenciamento 2025 - RENAVAM 1200746691.pdf;;;;;
SPR7B46;1406999463;9BD281BKHSYG20640        ;10425282004209;2025-05-07 08:41:55;A PAGAR;189.34;C:\BOT\LICENCIAMENTO\Lic Licenciamento 2025 - RENAVAM 1406999463.pdf;;;;;
DZX5I96;938496760;9BSP6X4B073613624        ;10425282003652;2025-05-06 17:23:27;A PAGAR;189.34;C:\BOT\LICENCIAMENTO\Lic Licenciamento 2025 - RENAVAM 938496760.pdf;;;;;
QCD8F06;1196378816;9BVRG40D6LE870038        ;10425282003490;2025-05-07 17:36:39;A PAGAR;189.34;C:\BOT\LICENCIAMENTO\Lic Licenciamento 2025 - RENAVAM 1196378816.pdf;;;;;
QCC1F86;1195610421;9BSR6X400K3955589        ;10425282004462;2025-05-07 17:45:41;A PAGAR;189.34;C:\BOT\LICENCIAMENTO\Lic Licenciamento 2025 - RENAVAM 1195610421.pdf;;;;;
QBO3596;1057455757;96ECAB133F1002711        ;10425282000122;2025-05-08 07:47:38;A PAGAR;189.34;C:\BOT\LICENCIAMENTO\Lic Licenciamento 2025 - RENAVAM 1057455757.pdf;;;;;
FRR5E16;1171163280;9BM979277KB098429        ;10425282008107;2025-05-23 10:53:20;A PAGAR;136.0;C:\BOT\LICENCIAMENTO\Lic Licenciamento 2025 - RENAVAM 1171163280.pdf;;;;;
QCC1F66;1195609873;9BSR6X400K3955615        ;10425282004462;2025-05-07 17:46:47;A PAGAR;189.34;C:\BOT\LICENCIAMENTO\Lic Licenciamento 2025 - RENAVAM 1195609873.pdf;;;;;
RAV6H06;1267362658;8AJDA3CD3M1820277        ;10425282003652;2025-05-07 16:29:19;A PAGAR;189.34;C:\BOT\LICENCIAMENTO\Lic Licenciamento 2025 - RENAVAM 1267362658.pdf;;;;;
EDC9A66;954624319;9BFZCEKY98BB02968        ;10425282003652;2025-05-06 17:22:22;A PAGAR;189.34;C:\BOT\LICENCIAMENTO\Lic Licenciamento 2025 - RENAVAM 954624319.pdf;;;;;
QCV2I56;1200760414;9BVRG40D8LE872235        ;10425282003814;2025-05-09 13:44:57;A PAGAR;189.34;C:\BOT\LICENCIAMENTO\Lic Licenciamento 2025 - RENAVAM 1200760414.pdf;;;;;
BWD0056;412817675;34530312655288           ;10425282004896;2025-05-07 08:19:14;A PAGAR;189.34;C:\BOT\LICENCIAMENTO\Lic Licenciamento 2025 - RENAVAM 412817675.pdf;;;;;
SPH4C46;1383331259;9BD281BKHRYF10551        ;10425282003229;2025-05-07 08:57:19;A PAGAR;189.34;C:\BOT\LICENCIAMENTO\Lic Licenciamento 2025 - RENAVAM 1383331259.pdf;;;;;
QBM4J16;1016442081;93KP0S1D7EE147010        ;10425282004624;2025-05-08 07:49:47;A PAGAR;189.34;C:\BOT\LICENCIAMENTO\Lic Licenciamento 2025 - RENAVAM 1016442081.pdf;;;;;
RRM6D06;1298978677;9A9RSM3TBNLDV2099        ;10425282003814;2025-05-09 13:30:16;A PAGAR;189.34;C:\BOT\LICENCIAMENTO\Lic Licenciamento 2025 - RENAVAM 1298978677.pdf;;;;;
QBH9B96;1012322286;93KP0S1D8EE147009        ;10425282004705;2025-05-23 10:55:06;A PAGAR;32.0;C:\BOT\LICENCIAMENTO\Lic Licenciamento 2025 - RENAVAM 1012322286.pdf;;;;;
SPQ0F56;1404625507;93KP0Y1C2RE198014        ;10425282004209;2025-05-07 08:46:44;A PAGAR;189.34;C:\BOT\LICENCIAMENTO\Lic Licenciamento 2025 - RENAVAM 1404625507.pdf;;;;;
QBK2H56;1014091648;9A9R23DPXE1AH8201        ;35345560110;2025-05-08 07:54:33;A PAGAR;189.34;C:\BOT\LICENCIAMENTO\Lic Licenciamento 2025 - RENAVAM 1014091648.pdf;;;;;
QBT9226;1059403495;93ZM1UPH0F8828602        ;10425282000122;2025-05-08 07:39:33;A PAGAR;189.34;C:\BOT\LICENCIAMENTO\Lic Licenciamento 2025 - RENAVAM 1059403495.pdf;;;;;
QCC1H26;1195615261;9BSR6X400K3955699        ;10425282004462;2025-05-07 17:38:07;A PAGAR;189.34;C:\BOT\LICENCIAMENTO\Lic Licenciamento 2025 - RENAVAM 1195615261.pdf;;;;;
OBI5B46;495241776;9A9DR1762DLDJ5046        ;10425282000122;2025-05-07 07:36:58;A PAGAR;189.34;C:\BOT\LICENCIAMENTO\Lic Licenciamento 2025 - RENAVAM 495241776.pdf;;;;;
QBK3506;1014133685;9A9R23DPXE1AH8203        ;46694447949;2025-05-08 07:51:58;A PAGAR;189.34;C:\BOT\LICENCIAMENTO\Lic Licenciamento 2025 - RENAVAM 1014133685.pdf;;;;;
RRS6D66;1324339257;9BD281B9JPYY04631        ;10425282003652;2025-05-23 10:56:45;A PAGAR;135.0;C:\BOT\LICENCIAMENTO\Lic Licenciamento 2025 - RENAVAM 1324339257.pdf;;;;;
OBI5B36;495241725;9A9BD1742DCDJ5060        ;10425282000122;2025-05-07 07:38:07;A PAGAR;189.34;C:\BOT\LICENCIAMENTO\Lic Licenciamento 2025 - RENAVAM 495241725.pdf;;;;;
QCH5B96;1198889443;9BVRG40D0LE870718        ;10425282003490;2025-05-07 17:03:10;A PAGAR;189.34;C:\BOT\LICENCIAMENTO\Lic Licenciamento 2025 - RENAVAM 1198889443.pdf;;;;;
OBH8E56;495035114;9A9BD1742DCDJ5083        ;10425282000122;2025-05-07 08:10:53;A PAGAR;189.34;C:\BOT\LICENCIAMENTO\Lic Licenciamento 2025 - RENAVAM 495035114.pdf;;;;;
QBT9B66;1059401751;93ZE2RMH0F8929317        ;10425282000122;2025-05-08 07:41:02;A PAGAR;189.34;C:\BOT\LICENCIAMENTO\Lic Licenciamento 2025 - RENAVAM 1059401751.pdf;;;;;
OBH7J96;495024996;9A9BT1742DCDJ5083        ;10425282000122;2025-05-07 08:16:42;A PAGAR;189.34;C:\BOT\LICENCIAMENTO\Lic Licenciamento 2025 - RENAVAM 495024996.pdf;;;;;
SPS4B86;1407928004;9BD341ACSSY997116        ;10425282004209;2025-05-07 08:32:27;A PAGAR;189.34;C:\BOT\LICENCIAMENTO\Lic Licenciamento 2025 - RENAVAM 1407928004.pdf;;;;;
RRW6G66;1350706075;9C2KD0810PR092374        ;10425282004209;2025-05-07 09:13:05;A PAGAR;189.34;C:\BOT\LICENCIAMENTO\Lic Licenciamento 2025 - RENAVAM 1350706075.pdf;;;;;
SUQ6J36;1366062920;9C2KD0810RR020394        ;10425282004209;2025-05-07 09:00:25;A PAGAR;189.34;C:\BOT\LICENCIAMENTO\Lic Licenciamento 2025 - RENAVAM 1366062920.pdf;;;;;
OBE3D06;587936827;9BSR6X400E3845086        ;10425282000122;2025-05-07 07:23:14;A PAGAR;189.34;C:\BOT\LICENCIAMENTO\Lic Licenciamento 2025 - RENAVAM 587936827.pdf;;;;;
RRS6C46;1324337190;9BD281B9JPYY05161        ;10425282003652;2025-05-07 15:40:54;A PAGAR;189.34;C:\BOT\LICENCIAMENTO\Lic Licenciamento 2025 - RENAVAM 1324337190.pdf;;;;;
QCH4J66;1198880322;9BVRG40D3LE870719        ;10425282003490;2025-05-07 17:07:22;A PAGAR;189.34;C:\BOT\LICENCIAMENTO\Lic Licenciamento 2025 - RENAVAM 1198880322.pdf;;;;;
QCH5B86;1198885111;9BVRG40DXLE870714        ;10425282003490;2025-05-07 17:04:15;A PAGAR;189.34;C:\BOT\LICENCIAMENTO\Lic Licenciamento 2025 - RENAVAM 1198885111.pdf;;;;;
RRS3E36;1324204394;9BWJL45U5PP020198        ;10425282004209;2025-05-07 15:51:48;A PAGAR;189.34;C:\BOT\LICENCIAMENTO\Lic Licenciamento 2025 - RENAVAM 1324204394.pdf;;;;;
RRS3F16;1324205935;9BD281B9JPYX92796        ;10425282004209;2025-05-07 15:47:34;A PAGAR;189.34;C:\BOT\LICENCIAMENTO\Lic Licenciamento 2025 - RENAVAM 1324205935.pdf;;;;;
RRS3F36;1324206540;9BD281B9JPYX92144        ;10425282004209;2025-05-07 15:46:29;A PAGAR;189.34;C:\BOT\LICENCIAMENTO\Lic Licenciamento 2025 - RENAVAM 1324206540.pdf;;;;;
RAK0E36;1235609712;9A9S3CTSSL1AH8018        ;10425282004624;2025-05-07 16:43:35;A PAGAR;189.34;C:\BOT\LICENCIAMENTO\Lic Licenciamento 2025 - RENAVAM 1235609712.pdf;;;;;
RAS7C46;1262230168;9BVRG40D1ME897851        ;10425282003814;2025-05-09 13:32:26;A PAGAR;189.34;C:\BOT\LICENCIAMENTO\Lic Licenciamento 2025 - RENAVAM 1262230168.pdf;;;;;
RAS7C56;1262230753;9BVRG40D4ME897852        ;10425282003814;2025-05-09 13:33:31;A PAGAR;189.34;C:\BOT\LICENCIAMENTO\Lic Licenciamento 2025 - RENAVAM 1262230753.pdf;;;;;
RAV6G66;1267361627;8AJDA3CD5M1820278        ;10425282003652;2025-05-07 16:30:25;A PAGAR;189.34;C:\BOT\LICENCIAMENTO\Lic Licenciamento 2025 - RENAVAM 1267361627.pdf;;;;;
RAV6H26;1267364260;8AJDA3CD4M1820272        ;10425282003652;2025-05-07 16:28:14;A PAGAR;189.34;C:\BOT\LICENCIAMENTO\Lic Licenciamento 2025 - RENAVAM 1267364260.pdf;;;;;
RRS3F46;1324207008;9BWJL45U1PP019176        ;10425282004209;2025-05-07 15:45:24;A PAGAR;189.34;C:\BOT\LICENCIAMENTO\Lic Licenciamento 2025 - RENAVAM 1324207008.pdf;;;;;
RRS3F56;1324207946;9BD281B9JPYX92142        ;10425282004209;2025-05-07 15:44:15;A PAGAR;189.34;C:\BOT\LICENCIAMENTO\Lic Licenciamento 2025 - RENAVAM 1324207946.pdf;;;;;
RRS6C16;1324336096;9BD281B9JPYY04994        ;10425282003652;2025-05-07 15:43:06;A PAGAR;189.34;C:\BOT\LICENCIAMENTO\Lic Licenciamento 2025 - RENAVAM 1324336096.pdf;;;;;
RRS6C26;1324336746;9BD281B9JPYY04964        ;10425282003652;2025-05-23 11:00:02;A PAGAR;283.0;C:\BOT\LICENCIAMENTO\Lic Licenciamento 2025 - RENAVAM 1324336746.pdf;;;;;
RRS6C86;1324337840;9BD281B9JPYY04873        ;10425282003652;2025-05-07 15:39:48;A PAGAR;189.34;C:\BOT\LICENCIAMENTO\Lic Licenciamento 2025 - RENAVAM 1324337840.pdf;;;;;
RRS6D26;1324338277;9BD281B9JPYX96605        ;10425282003652;2025-05-07 15:38:16;A PAGAR;189.34;C:\BOT\LICENCIAMENTO\Lic Licenciamento 2025 - RENAVAM 1324338277.pdf;;;;;
RRS6D46;1324338544;9BD281B9JPYX97798        ;10425282003652;2025-05-07 15:37:11;A PAGAR;189.34;C:\BOT\LICENCIAMENTO\Lic Licenciamento 2025 - RENAVAM 1324338544.pdf;;;;;
RRS6D96;1324339745;9BD281B9JPYX96614        ;10425282003229;2025-05-07 15:34:09;A PAGAR;189.34;C:\BOT\LICENCIAMENTO\Lic Licenciamento 2025 - RENAVAM 1324339745.pdf;;;;;
RRS6E76;1324340808;9BD281B9JPYX96673        ;10425282003229;2025-05-07 15:31:53;A PAGAR;189.34;C:\BOT\LICENCIAMENTO\Lic Licenciamento 2025 - RENAVAM 1324340808.pdf;;;;;
OBI5B96;495242306;9A9BT1742DCDJ5078        ;10425282000122;2025-05-07 07:34:47;A PAGAR;189.34;C:\BOT\LICENCIAMENTO\Lic Licenciamento 2025 - RENAVAM 495242306.pdf;;;;;
RRW2F16;1350581302;9C2KD0810PR092325        ;10425282004209;2025-05-07 15:24:55;A PAGAR;189.34;C:\BOT\LICENCIAMENTO\Lic Licenciamento 2025 - RENAVAM 1350581302.pdf;;;;;
RRW2G06;1350583461;9C2KD0810PR092493        ;10425282004209;2025-05-07 15:22:43;A PAGAR;189.34;C:\BOT\LICENCIAMENTO\Lic Licenciamento 2025 - RENAVAM 1350583461.pdf;;;;;
RRW2G76;1350584891;9C2KD0810PR091357        ;10425282004209;2025-05-07 09:29:03;A PAGAR;189.34;C:\BOT\LICENCIAMENTO\Lic Licenciamento 2025 - RENAVAM 1350584891.pdf;;;;;
RAX3E06;1273598129;9BM958443MB228949        ;10425282003229;2025-05-07 16:25:06;A PAGAR;189.34;C:\BOT\LICENCIAMENTO\Lic Licenciamento 2025 - RENAVAM 1273598129.pdf;;;;;
NPQ7E46;594482569;9BVP0S1A0DE145875        ;10425282000122;2025-05-07 07:18:09;A PAGAR;189.34;C:\BOT\LICENCIAMENTO\Lic Licenciamento 2025 - RENAVAM 594482569.pdf;;;;;
RRS3E46;1324204688;9BWJL45U3PP020202        ;10425282004209;2025-05-23 11:02:46;A PAGAR;104.0;C:\BOT\LICENCIAMENTO\Lic Licenciamento 2025 - RENAVAM 1324204688.pdf;;;;;
RRS3E56;1324205153;9BWJL45U7PP020509        ;10425282004209;2025-05-07 15:50:11;A PAGAR;189.34;C:\BOT\LICENCIAMENTO\Lic Licenciamento 2025 - RENAVAM 1324205153.pdf;;;;;
RRS3E76;1324205250;9BD281B9JPYX91699        ;10425282004209;2025-05-07 15:49:03;A PAGAR;189.34;C:\BOT\LICENCIAMENTO\Lic Licenciamento 2025 - RENAVAM 1324205250.pdf;;;;;
RRS6E16;1324340247;9BD281B9JPYX96635        ;10425282003229;2025-05-07 15:32:58;A PAGAR;189.34;C:\BOT\LICENCIAMENTO\Lic Licenciamento 2025 - RENAVAM 1324340247.pdf;;;;;
RRS6E86;1324341340;9BD281B9JPYX96712        ;10425282003229;2025-05-09 13:35:45;A PAGAR;189.34;C:\BOT\LICENCIAMENTO\Lic Licenciamento 2025 - RENAVAM 1324341340.pdf;;;;;
RRS6F76;1324345052;9BD281B9JPYX97682        ;10425282003229;2025-05-07 15:27:27;A PAGAR;189.34;C:\BOT\LICENCIAMENTO\Lic Licenciamento 2025 - RENAVAM 1324345052.pdf;;;;;
RRW2E86;1350580683;9C2KD0810PR092488        ;10425282004209;2025-05-07 15:26:03;A PAGAR;189.34;C:\BOT\LICENCIAMENTO\Lic Licenciamento 2025 - RENAVAM 1350580683.pdf;;;;;
RRW2F26;1350581736;9C2KD0810PR092200        ;10425282004209;2025-05-07 15:23:48;A PAGAR;189.34;C:\BOT\LICENCIAMENTO\Lic Licenciamento 2025 - RENAVAM 1350581736.pdf;;;;;
RRW3E96;1350606798;9C2KD0810PR092360        ;10425282004209;2025-05-07 09:22:43;A PAGAR;189.34;C:\BOT\LICENCIAMENTO\Lic Licenciamento 2025 - RENAVAM 1350606798.pdf;;;;;
RRW6E96;1350703092;9C2KD0810PR091444        ;10425282004209;2025-05-09 13:36:52;A PAGAR;189.34;C:\BOT\LICENCIAMENTO\Lic Licenciamento 2025 - RENAVAM 1350703092.pdf;;;;;
RRW6F16;1350703688;9C2KD0810PR094097        ;10425282004209;2025-05-09 13:37:59;A PAGAR;189.34;C:\BOT\LICENCIAMENTO\Lic Licenciamento 2025 - RENAVAM 1350703688.pdf;;;;;
RRW6F36;1350703912;9C2KD0810PR094059        ;10425282004209;2025-05-07 09:18:27;A PAGAR;189.34;C:\BOT\LICENCIAMENTO\Lic Licenciamento 2025 - RENAVAM 1350703912.pdf;;;;;
RRW6H26;1350707063;9C2KD0810PR094020        ;10425282004209;2025-05-07 09:10:24;A PAGAR;189.34;C:\BOT\LICENCIAMENTO\Lic Licenciamento 2025 - RENAVAM 1350707063.pdf;;;;;
RRW6H46;1350707632;9C2KD0810PR239748        ;10425282004209;2025-05-07 09:08:54;A PAGAR;189.34;C:\BOT\LICENCIAMENTO\Lic Licenciamento 2025 - RENAVAM 1350707632.pdf;;;;;
RRW6H76;1350707969;9C2KD0810PR094076        ;10425282004209;2025-05-07 09:07:49;A PAGAR;189.34;C:\BOT\LICENCIAMENTO\Lic Licenciamento 2025 - RENAVAM 1350707969.pdf;;;;;
RRY7F66;1353955211;8AJKA3CD5R3115130        ;10425282003229;2025-05-07 09:06:43;A PAGAR;189.34;C:\BOT\LICENCIAMENTO\Lic Licenciamento 2025 - RENAVAM 1353955211.pdf;;;;;
RRY7G46;1353964199;8AJKA3CD9R3115017        ;10425282004209;2025-05-23 11:04:26;A PAGAR;302.0;C:\BOT\LICENCIAMENTO\Lic Licenciamento 2025 - RENAVAM 1353964199.pdf;;;;;
SVH8F36;1366061540;9C2KD0810RR022591        ;10425282004209;2025-05-09 13:40:30;A PAGAR;189.34;C:\BOT\LICENCIAMENTO\Lic Licenciamento 2025 - RENAVAM 1366061540.pdf;;;;;
SPH4C96;1383332085;9BD281BKHRYF10680        ;10425282003229;2025-05-07 08:56:15;A PAGAR;189.34;C:\BOT\LICENCIAMENTO\Lic Licenciamento 2025 - RENAVAM 1383332085.pdf;;;;;
SPH4D36;1383332646;9BD281BKHRYF11608        ;10425282004209;2025-05-23 11:06:53;A PAGAR;197.0;C:\BOT\LICENCIAMENTO\Lic Licenciamento 2025 - RENAVAM 1383332646.pdf;;;;;
SPR3B36;1406640511;9BVPZ60A9RE201324        ;10425282004209;2025-05-07 08:44:47;A PAGAR;189.34;C:\BOT\LICENCIAMENTO\Lic Licenciamento 2025 - RENAVAM 1406640511.pdf;;;;;
SPR7A76;1406997991;9BD281BKHSYG20601        ;10425282004209;2025-05-23 12:23:46;A PAGAR;296.0;C:\BOT\LICENCIAMENTO\Lic Licenciamento 2025 - RENAVAM 1406997991.pdf;;;;;
SPS0A46;1407357465;93KK0Y1A5RE201837        ;10425282004209;2025-05-07 08:40:26;A PAGAR;189.34;C:\BOT\LICENCIAMENTO\Lic Licenciamento 2025 - RENAVAM 1407357465.pdf;;;;;
SPS4B46;1407926788;9BD341ACSSY997103        ;10425282004209;2025-05-07 08:33:57;A PAGAR;189.34;C:\BOT\LICENCIAMENTO\Lic Licenciamento 2025 - RENAVAM 1407926788.pdf;;;;;
SPS4C46;1407937283;9BD341ACSSY997128        ;10425282004209;2025-05-07 08:30:57;A PAGAR;189.34;C:\BOT\LICENCIAMENTO\Lic Licenciamento 2025 - RENAVAM 1407937283.pdf;;;;;
NPD2D46;215836456;9BVP0F0A3AE121646        ;10425282000122;2025-05-07 08:27:08;A PAGAR;189.34;C:\BOT\LICENCIAMENTO\Lic Licenciamento 2025 - RENAVAM 215836456.pdf;;;;;
NPF8136;218431503;9BFJF3794AB077491        ;10425282004896;2025-05-08 09:21:24;A PAGAR;189.34;C:\BOT\LICENCIAMENTO\Lic Licenciamento 2025 - RENAVAM 218431503.pdf;;;;;
HQF6886;306191105;121230552                ;10425282004896;2025-05-08 09:22:29;A PAGAR;189.34;C:\BOT\LICENCIAMENTO\Lic Licenciamento 2025 - RENAVAM 306191105.pdf;;;;;
OBA5G76;463040813;9BM693388CB821524        ;10425282005949;2025-05-07 08:17:46;A PAGAR;189.34;C:\BOT\LICENCIAMENTO\Lic Licenciamento 2025 - RENAVAM 463040813.pdf;;;;;
ONX3I86;1025023185;9BVT5T722EE402579        ;10425282003652;2025-05-08 07:48:43;A PAGAR;189.34;C:\BOT\LICENCIAMENTO\Lic Licenciamento 2025 - RENAVAM 1025023185.pdf;;;;;
QBT9D26;1059039270;93ZM1UPH0F8828575        ;10425282000122;2025-05-08 07:43:17;A PAGAR;189.34;C:\BOT\LICENCIAMENTO\Lic Licenciamento 2025 - RENAVAM 1059039270.pdf;;;;;
QCX6G06;1161808709;9C2KD1000JR009355        ;10425282004209;2025-05-07 17:53:34;A PAGAR;189.34;C:\BOT\LICENCIAMENTO\Lic Licenciamento 2025 - RENAVAM 1161808709.pdf;;;;;
OBH8E76;495035319;9A9DR1762DLDJ5068        ;10425282000122;2025-05-07 08:09:49;A PAGAR;189.34;C:\BOT\LICENCIAMENTO\Lic Licenciamento 2025 - RENAVAM 495035319.pdf;;;;;
OBH8G76;495038741;9A9BD1742DCDJ5087        ;10425282000122;2025-05-07 08:05:08;A PAGAR;189.34;C:\BOT\LICENCIAMENTO\Lic Licenciamento 2025 - RENAVAM 495038741.pdf;;;;;
QCC1G66;1195613617;9BSR6X400K3955617        ;10425282004462;2025-05-07 17:41:21;A PAGAR;189.34;C:\BOT\LICENCIAMENTO\Lic Licenciamento 2025 - RENAVAM 1195613617.pdf;;;;;
QCC1G96;1195614044;9BSR6X400K3955609        ;10425282004462;2025-05-07 17:40:16;A PAGAR;189.34;C:\BOT\LICENCIAMENTO\Lic Licenciamento 2025 - RENAVAM 1195614044.pdf;;;;;
QCC1H06;1195614753;9BSR6X400K3955603        ;10425282004462;2025-05-07 17:39:12;A PAGAR;189.34;C:\BOT\LICENCIAMENTO\Lic Licenciamento 2025 - RENAVAM 1195614753.pdf;;;;;
QCD8F66;1196379480;9BVRG40DXLE869938        ;10425282003490;2025-05-07 17:34:42;A PAGAR;189.34;C:\BOT\LICENCIAMENTO\Lic Licenciamento 2025 - RENAVAM 1196379480.pdf;;;;;
QCH5A06;1198881531;9BVRG40D7LE870713        ;10425282003490;2025-05-07 17:05:45;A PAGAR;189.34;C:\BOT\LICENCIAMENTO\Lic Licenciamento 2025 - RENAVAM 1198881531.pdf;;;;;
QBT9C76;1059405420;93ZM1UPH0F8828591        ;10425282000122;2025-05-23 11:09:20;A PAGAR;269.0;C:\BOT\LICENCIAMENTO\Lic Licenciamento 2025 - RENAVAM 1059405420.pdf;;;;;
QCV1J06;1200678734;9BVRG40D9LE872009        ;10425282003229;2025-05-07 16:58:32;A PAGAR;189.34;C:\BOT\LICENCIAMENTO\Lic Licenciamento 2025 - RENAVAM 1200678734.pdf;;;;;
QCV1I66;1200722660;9BVRG40D5LE869903        ;10425282003571;2025-05-07 16:57:03;A PAGAR;189.34;C:\BOT\LICENCIAMENTO\Lic Licenciamento 2025 - RENAVAM 1200722660.pdf;;;;;
QCV2A56;1200742530;9BVRG40D8LE869865        ;10425282003571;2025-05-07 16:55:33;A PAGAR;189.34;C:\BOT\LICENCIAMENTO\Lic Licenciamento 2025 - RENAVAM 1200742530.pdf;;;;;
QCV2C36;1200747027;9BVRG40D6LE869868        ;10425282003571;2025-05-07 16:53:19;A PAGAR;189.34;C:\BOT\LICENCIAMENTO\Lic Licenciamento 2025 - RENAVAM 1200747027.pdf;;;;;
QCV2F96;1200755070;9BVRG40D3LE871581        ;10425282003814;2025-05-08 09:23:40;A PAGAR;189.34;C:\BOT\LICENCIAMENTO\Lic Licenciamento 2025 - RENAVAM 1200755070.pdf;;;;;
QCV2I06;1200759505;9BVRG40D6LE871582        ;10425282003814;2025-05-08 09:24:46;A PAGAR;189.34;C:\BOT\LICENCIAMENTO\Lic Licenciamento 2025 - RENAVAM 1200759505.pdf;;;;;
QCV2I26;1200760104;9BVRG40D0LE871512        ;10425282003814;2025-05-07 16:48:29;A PAGAR;189.34;C:\BOT\LICENCIAMENTO\Lic Licenciamento 2025 - RENAVAM 1200760104.pdf;;;;;
RAS7A06;1262223463;9BVRG40D7ME897853        ;10425282003814;2025-05-08 09:25:58;A PAGAR;189.34;C:\BOT\LICENCIAMENTO\Lic Licenciamento 2025 - RENAVAM 1262223463.pdf;;;;;
RAS7A36;1262224095;9BVRG40DXME897854        ;10425282003814;2025-05-07 16:39:33;A PAGAR;189.34;C:\BOT\LICENCIAMENTO\Lic Licenciamento 2025 - RENAVAM 1262224095.pdf;;;;;
RAS7A46;1262224761;9BVRG40D4ME897928        ;10425282003814;2025-05-07 16:38:28;A PAGAR;189.34;C:\BOT\LICENCIAMENTO\Lic Licenciamento 2025 - RENAVAM 1262224761.pdf;;;;;
RAS7A76;1262225091;9BVRG40D7ME897929        ;10425282003814;2025-05-07 16:37:23;A PAGAR;189.34;C:\BOT\LICENCIAMENTO\Lic Licenciamento 2025 - RENAVAM 1262225091.pdf;;;;;
OBK6H06;502664029;9BVAG20D8DE794992        ;10425282000122;2025-05-07 07:29:06;A PAGAR;189.34;C:\BOT\LICENCIAMENTO\Lic Licenciamento 2025 - RENAVAM 502664029.pdf;;;;;
OBK6H56;502665769;9BVAG20D2DE794985        ;10425282000122;2025-05-07 07:28:00;A PAGAR;189.34;C:\BOT\LICENCIAMENTO\Lic Licenciamento 2025 - RENAVAM 502665769.pdf;;;;;
OBM6E66;503631736;9BVAG20D0DE797167        ;10425282000122;2025-05-07 07:25:49;A PAGAR;189.34;C:\BOT\LICENCIAMENTO\Lic Licenciamento 2025 - RENAVAM 503631736.pdf;;;;;
QCF9776;1197830828;94BC1583KKV066924        ;10425282003490;2025-05-07 17:21:35;A PAGAR;189.34;C:\BOT\LICENCIAMENTO\Lic Licenciamento 2025 - RENAVAM 1197830828.pdf;;;;;
QCF9786;1197831050;94BC1273KKV066925        ;10425282003490;2025-05-07 17:20:29;A PAGAR;189.34;C:\BOT\LICENCIAMENTO\Lic Licenciamento 2025 - RENAVAM 1197831050.pdf;;;;;
QCF9796;1197831310;94BC1583KKV066926        ;10425282003490;2025-05-07 17:19:22;A PAGAR;189.34;C:\BOT\LICENCIAMENTO\Lic Licenciamento 2025 - RENAVAM 1197831310.pdf;;;;;
QCF9806;1197831590;94BC1273KKV066927        ;10425282003490;2025-05-07 17:18:18;A PAGAR;189.34;C:\BOT\LICENCIAMENTO\Lic Licenciamento 2025 - RENAVAM 1197831590.pdf;;;;;
QCL0766;1200242570;94BC2123KKV066803        ;10425282003490;2025-05-07 17:00:30;A PAGAR;189.34;C:\BOT\LICENCIAMENTO\Lic Licenciamento 2025 - RENAVAM 1200242570.pdf;;;;;
RAK0E46;1235610079;9A9S3CTSJL1AH8017        ;10425282004624;2025-05-07 16:42:30;A PAGAR;189.34;C:\BOT\LICENCIAMENTO\Lic Licenciamento 2025 - RENAVAM 1235610079.pdf;;;;;
RRJ0H46;1284814545;97TRBD442N2001673        ;10425282003814;2025-05-07 16:07:49;A PAGAR;189.34;C:\BOT\LICENCIAMENTO\Lic Licenciamento 2025 - RENAVAM 1284814545.pdf;;;;;
RRJ0H66;1284815029;97TD0N412N2006335        ;10425282003814;2025-05-08 09:27:04;A PAGAR;189.34;C:\BOT\LICENCIAMENTO\Lic Licenciamento 2025 - RENAVAM 1284815029.pdf;;;;;
OBE3E46;588158895;9BSR6X400E3845105        ;10425282000122;2025-05-07 07:19:59;A PAGAR;189.34;C:\BOT\LICENCIAMENTO\Lic Licenciamento 2025 - RENAVAM 588158895.pdf;;;;;
QBK2H06;1011963580;9A9R23DPXE1AH8199        ;35345560110;2025-05-08 08:03:16;A PAGAR;189.34;C:\BOT\LICENCIAMENTO\Lic Licenciamento 2025 - RENAVAM 1011963580.pdf;;;;;
QCF9766;1197830380;94BC1273KKV066923        ;10425282003490;2025-05-07 17:22:40;A PAGAR;189.34;C:\BOT\LICENCIAMENTO\Lic Licenciamento 2025 - RENAVAM 1197830380.pdf;;;;;
RRJ0H76;1284815231;97T0BN422N2008583        ;10425282003814;2025-05-07 16:05:10;A PAGAR;189.34;C:\BOT\LICENCIAMENTO\Lic Licenciamento 2025 - RENAVAM 1284815231.pdf;;;;;
QBO3606;1057456729;96ECAB153F1002709        ;10425282000122;2025-05-08 07:46:32;A PAGAR;189.34;C:\BOT\LICENCIAMENTO\Lic Licenciamento 2025 - RENAVAM 1057456729.pdf;;;;;
QBK3496;1011963750;9A9R23DPXE1AH8202        ;46694447949;2025-05-08 08:01:47;A PAGAR;189.34;C:\BOT\LICENCIAMENTO\Lic Licenciamento 2025 - RENAVAM 1011963750.pdf;;;;;
QBK2766;1012613183;9A9R23DPXE1AH8196        ;33511705991;2025-05-08 07:56:04;A PAGAR;189.34;C:\BOT\LICENCIAMENTO\Lic Licenciamento 2025 - RENAVAM 1012613183.pdf;;;;;
QBK3E66;1014093012;9A9R23DPXE1AH8198        ;33511705991;2025-05-08 07:53:02;A PAGAR;189.34;C:\BOT\LICENCIAMENTO\Lic Licenciamento 2025 - RENAVAM 1014093012.pdf;;;;;
QBK3516;1014133693;9A9R23DPXE1AH8204        ;46694447949;2025-05-08 07:50:53;A PAGAR;189.34;C:\BOT\LICENCIAMENTO\Lic Licenciamento 2025 - RENAVAM 1014133693.pdf;;;;;
QBQ2406;1058143180;96ECAB153F1002710        ;10425282000122;2025-05-08 07:45:27;A PAGAR;189.34;C:\BOT\LICENCIAMENTO\Lic Licenciamento 2025 - RENAVAM 1058143180.pdf;;;;;
QBQ2476;1058143970;96ECAB133F1002712        ;10425282000122;2025-05-08 07:44:22;A PAGAR;189.34;C:\BOT\LICENCIAMENTO\Lic Licenciamento 2025 - RENAVAM 1058143970.pdf;;;;;
OBH8H16;495039080;9A9DR1762DLDJ5072        ;10425282000122;2025-05-07 08:04:02;A PAGAR;189.34;C:\BOT\LICENCIAMENTO\Lic Licenciamento 2025 - RENAVAM 495039080.pdf;;;;;
OBH5J16;495039446;9A9BT1742DCDJ5087        ;10425282000122;2025-05-07 08:02:53;A PAGAR;189.34;C:\BOT\LICENCIAMENTO\Lic Licenciamento 2025 - RENAVAM 495039446.pdf;;;;;
OBH9A36;495045969;9A9BD1742DCDJ5066        ;10425282000122;2025-05-07 07:58:13;A PAGAR;189.34;C:\BOT\LICENCIAMENTO\Lic Licenciamento 2025 - RENAVAM 495045969.pdf;;;;;
OBI2B66;495160636;9A9DR1762DLDJ5055        ;10425282000122;2025-05-07 07:53:33;A PAGAR;189.34;C:\BOT\LICENCIAMENTO\Lic Licenciamento 2025 - RENAVAM 495160636.pdf;;;;;
OBI2B86;495161144;9A9BT1742DCDJ5069        ;10425282000122;2025-05-07 07:52:28;A PAGAR;189.34;C:\BOT\LICENCIAMENTO\Lic Licenciamento 2025 - RENAVAM 495161144.pdf;;;;;
DXH2D76;924209330;9BSP6X4B073606798        ;10425282003652;2025-05-06 17:24:56;A PAGAR;189.34;C:\BOT\LICENCIAMENTO\Lic Licenciamento 2025 - RENAVAM 924209330.pdf;;;;;
OBI5B06;495241350;9A9BD1742DCDJ5089        ;10425282000122;2025-05-07 07:40:42;A PAGAR;189.34;C:\BOT\LICENCIAMENTO\Lic Licenciamento 2025 - RENAVAM 495241350.pdf;;;;;
OBI5B16;495241482;9A9BT1742DCDJ5089        ;10425282000122;2025-05-07 07:39:36;A PAGAR;189.34;C:\BOT\LICENCIAMENTO\Lic Licenciamento 2025 - RENAVAM 495241482.pdf;;;;;
OBI5B86;495242187;9A9BD1742DCDJ5078        ;10425282000122;2025-05-07 07:35:52;A PAGAR;189.34;C:\BOT\LICENCIAMENTO\Lic Licenciamento 2025 - RENAVAM 495242187.pdf;;;;;
OBK6G26;502662131;9BVAG20D8DE794987        ;10425282000122;2025-05-07 07:30:14;A PAGAR;189.34;C:\BOT\LICENCIAMENTO\Lic Licenciamento 2025 - RENAVAM 502662131.pdf;;;;;
OBK6I26;502668822;9BVAG20D1DE794997        ;10425282000122;2025-05-07 07:26:55;A PAGAR;189.34;C:\BOT\LICENCIAMENTO\Lic Licenciamento 2025 - RENAVAM 502668822.pdf;;;;;
RRW2G26;1350583682;9C2KD0810PR091437        ;10425282004209;2025-08-06 09:56:27;A PAGAR;32.0;S:\Automacao\bot\LICENCIAMENTO\TESTE Lic Licenciamento 2025 - RENAVAM 1350583682.pdf;2025-08-06 09:56:29;SEM DEBITOS;0;;
RRW6G46;1350705737;9C2KD0810PR094067        ;10425282004209;2025-05-07 09:14:33;A PAGAR;189.34;C:\BOT\LICENCIAMENTO\Lic Licenciamento 2025 - RENAVAM 1350705737.pdf;;;;;
RRY7G16;1353959349;8AJKA3CD6R3115136        ;10425282003229;2025-05-07 09:05:16;A PAGAR;189.34;C:\BOT\LICENCIAMENTO\Lic Licenciamento 2025 - RENAVAM 1353959349.pdf;;;;;
SPM3H76;1385378198;9C2KD0810RR133855        ;10425282004209;2025-05-07 08:52:32;A PAGAR;189.34;C:\BOT\LICENCIAMENTO\Lic Licenciamento 2025 - RENAVAM 1385378198.pdf;;;;;
SPS4B06;1407924742;9BD341ACSSY997138        ;10425282004209;2025-05-07 08:36:36;A PAGAR;189.34;C:\BOT\LICENCIAMENTO\Lic Licenciamento 2025 - RENAVAM 1407924742.pdf;;;;;
SPS4B36;1407926257;9BD341ACSSY997109        ;10425282004209;2025-05-07 08:35:05;A PAGAR;189.34;C:\BOT\LICENCIAMENTO\Lic Licenciamento 2025 - RENAVAM 1407926257.pdf;;;;;
EJB2A86;225848902;9APC16730AP000086        ;10425282003490;2025-05-07 08:23:47;A PAGAR;189.34;C:\BOT\LICENCIAMENTO\Lic Licenciamento 2025 - RENAVAM 225848902.pdf;;;;;
OBA5G86;588028720;9BSR6X400E3844370        ;10425282000122;2025-05-07 07:22:08;A PAGAR;189.34;C:\BOT\LICENCIAMENTO\Lic Licenciamento 2025 - RENAVAM 588028720.pdf;;;;;
CSX1146;707795001;9BFXTNSZ8WDB06639        ;10425282004896;2025-05-06 17:29:46;A PAGAR;189.34;C:\BOT\LICENCIAMENTO\Lic Licenciamento 2025 - RENAVAM 707795001.pdf;;;;;
EDC7836;960753966;9BSP8X40083623500        ;10425282003490;2025-05-06 17:21:16;A PAGAR;189.34;C:\BOT\LICENCIAMENTO\Lic Licenciamento 2025 - RENAVAM 960753966.pdf;;;;;
