PLACA;RENAVAM;CHASSIS;NUM_DOCUMENTO;DT_ULT_CONSULTA_DETRAN;STATUS_LICENCIAMENTO;DT_ULT_CONSULTA_MULTAS;STATUS_MULTAS
QCG7H02;1183288473;9BVRG40D2KE865194        ;10425282004705;2025-08-02 07:01:23;ERRO - invalid-input-response;2025-08-02 07:01:23;ERRO-captcha
QCG7H12;1183289542;9BVRG40D3KE865198        ;10425282004705;2025-08-02 07:02:04;ERRO - invalid-input-response;2025-08-02 07:02:04;ERRO-captcha
QCG7H32;1183290028;9BVRG40D4KE865191        ;10425282004705;2025-08-02 07:02:45;ERRO - invalid-input-response;2025-08-02 07:02:45;ERRO-captcha
QCG7H52;1183290559;9BVRG40D5KE865195        ;10425282004705;2025-08-02 07:03:27;ERRO - invalid-input-response;2025-08-02 07:03:27;ERRO-captcha
QBG2472;1093534440;9BVT5T721FE402929        ;10425282003229;2025-08-02 07:04:09;ERRO - invalid-input-response;2025-08-02 07:04:09;ERRO-captcha
QBX4512;1143568408;9A9R4CBS5J1AH8032        ;10425282002095;2025-08-02 07:04:51;ERRO - invalid-input-response;2025-08-02 07:04:51;ERRO-captcha
QBZ2D42;1144243022;9C2KD1000JR107770        ;10425282004705;2025-08-02 07:05:32;ERRO - invalid-input-response;2025-08-02 07:05:32;ERRO-captcha
DXZ8602;956964508;94BN080278R001301        ;10425282003733;2025-08-02 07:06:13;ERRO - invalid-input-response;2025-08-02 07:06:13;ERRO-captcha
RRZ9F82;1358330503;8AJBA3FS4R0346497        ;10425282004209;2025-08-02 07:06:54;ERRO - invalid-input-response;2025-08-02 07:06:54;ERRO-captcha
RRM9D22;1298949375;97TOBN422N2009640        ;10425282003229;2025-08-02 07:07:35;ERRO - invalid-input-response;2025-08-02 07:07:35;ERRO-captcha
QCE7A32;1182133549;9BVRG40D0KE864264        ;10425282003652;2025-08-02 07:08:16;ERRO - invalid-input-response;2025-08-02 07:08:16;ERRO-captcha
RAT2I22;1259133734;9BD281B22MYW03498        ;10425282003229;2025-08-02 07:08:58;ERRO - invalid-input-response;2025-08-02 07:08:58;ERRO-captcha
QBX3062;1143569110;9A9R4CBS8J1AH8033        ;10425282002095;2025-08-02 07:09:38;ERRO - invalid-input-response;2025-08-02 07:09:38;ERRO-captcha
QCD8392;1181613156;9ADG0933KKM437982        ;10425282004705;2025-08-02 07:10:20;ERRO - invalid-input-response;2025-08-02 07:10:20;ERRO-captcha
RRM9H22;1298960360;97TRBD442N2002464        ;10425282003652;2025-08-02 07:11:00;ERRO - invalid-input-response;2025-08-02 07:11:00;ERRO-captcha
KEV6422;799923109;9APF136303P000008        ;10425282000122;2025-08-02 07:11:42;ERRO - invalid-input-response;2025-08-02 07:11:42;ERRO-captcha
RRM9F42;1298954450;97TRBD442N2002479        ;10425282003490;2025-08-02 07:12:22;ERRO - invalid-input-response;2025-08-02 07:12:22;ERRO-captcha
RAL7J32;1228251450;9BM384076LB167852        ;10425282003652;2025-08-02 07:13:03;ERRO - invalid-input-response;2025-08-02 07:13:03;ERRO-captcha
SPH2F82;1379365594;9BD281BKHRYF01946        ;10425282003490;2025-08-02 07:13:44;ERRO - invalid-input-response;2025-08-02 07:13:44;ERRO-captcha
QCE4I42;1182010986;9ADG0933KKM438535        ;10425282004705;2025-08-02 07:15:48;ERRO - invalid-input-response;2025-08-02 07:15:48;ERRO-captcha
QCD6H12;1181444362;9ADG1133KKM437708        ;10425282003814;2025-08-02 07:16:29;ERRO - invalid-input-response;2025-08-02 07:16:29;ERRO-captcha
RRQ9D92;1343098790;9A9V1553PPMFW4169        ;10425282006597;2025-08-02 07:17:11;ERRO - invalid-input-response;2025-08-02 07:17:11;ERRO-captcha
EPE8512;228550912;94BN0802AAR001964        ;10425282003490;2025-08-02 07:17:51;ERRO - invalid-input-response;2025-08-02 07:17:51;ERRO-captcha
RRM8C42;1298892543;97TD0N412N2007304        ;10425282003490;2025-08-02 07:18:33;ERRO - invalid-input-response;2025-08-02 07:18:33;ERRO-captcha
RAX9A82;1292627465;9C2KD0810NR167910        ;10425282004624;2025-08-02 07:19:13;ERRO - invalid-input-response;2025-08-02 07:19:13;ERRO-captcha
LZL1172;694618241;9AA081430VC022364        ;10425282003229;2025-08-02 07:19:55;ERRO - invalid-input-response;2025-08-02 07:19:55;ERRO-captcha
QCD6H92;1181450796;9ADG1133KKM437710        ;10425282003814;2025-08-02 07:20:36;ERRO - invalid-input-response;2025-08-02 07:20:36;ERRO-captcha
QCG0G82;1182937370;9BVRG40D0KE864904        ;10425282003652;2025-08-02 07:21:16;ERRO - invalid-input-response;2025-08-02 07:21:16;ERRO-captcha
GSE8152;265285445;19372                    ;10425282003652;2025-08-02 07:21:57;ERRO - invalid-input-response;2025-08-02 07:21:57;ERRO-captcha
RRM9E42;1298950420;97TD0N412N2007302        ;10425282003490;2025-08-02 07:22:39;ERRO - invalid-input-response;2025-08-02 07:22:39;ERRO-captcha
QBV8H12;1119168993;93ZE12NMZH8931874        ;10425282003814;2025-08-02 07:23:19;ERRO - invalid-input-response;2025-08-02 07:23:19;ERRO-captcha
AHY7362;702623857;9BM384073WB168589        ;10425282004896;2025-08-02 07:24:00;ERRO - invalid-input-response;2025-08-02 07:24:00;ERRO-captcha
QBV8H32;1119167466;93ZE12NMZH8931695        ;10425282003903;2025-08-02 07:24:40;ERRO - invalid-input-response;2025-08-02 07:24:40;ERRO-captcha
RRP1E22;1334689595;93KK0R1C6NE187826        ;10425282003229;2025-08-02 07:25:21;ERRO - invalid-input-response;2025-08-02 07:25:21;ERRO-captcha
RRM9C12;1298943601;97TD0N412N2007295        ;10425282003229;2025-08-02 07:26:03;ERRO - invalid-input-response;2025-08-02 07:26:03;ERRO-captcha
QBV8682;1119162901;93ZE12NMZH8931892        ;10425282003300;2025-08-02 07:26:45;ERRO - invalid-input-response;2025-08-02 07:26:45;ERRO-captcha
QCQ6B32;1146608559;93KP0R1CXJE160716        ;10425282004209;2025-08-02 07:27:26;ERRO - invalid-input-response;2025-08-02 07:27:26;ERRO-captcha
RAO2I72;1254131423;9BM958443MB205391        ;10425282003652;2025-08-02 07:28:06;ERRO - invalid-input-response;2025-08-02 07:28:06;ERRO-captcha
QCD8D62;1181611897;9ADG1133KKM438157        ;10425282004705;2025-08-02 07:28:47;ERRO - invalid-input-response;2025-08-02 07:28:47;ERRO-captcha
QCD1A32;1180639550;9BVRG40DXKE863902        ;10425282003814;2025-08-02 07:29:29;ERRO - invalid-input-response;2025-08-02 07:29:29;ERRO-captcha
QBW4032;1131882986;9C2KD1000HR008952        ;10425282003490;2025-08-02 07:30:08;ERRO - invalid-input-response;2025-08-02 07:30:08;ERRO-captcha
SPO4B82;1386094770;93KP0Y1C7RE196792        ;10425282004209;2025-08-02 07:30:49;ERRO - invalid-input-response;2025-08-02 07:30:49;ERRO-captcha
SPH2G02;1379366370;9BD281BKHRYF01940        ;10425282003490;2025-08-02 07:31:30;ERRO - invalid-input-response;2025-08-02 07:31:30;ERRO-captcha
RAT2J82;1259140048;9BD281B22MYW08206        ;10425282003229;2025-08-02 07:32:11;ERRO - invalid-input-response;2025-08-02 07:32:11;ERRO-captcha
RRM9C32;1298945256;97TOBN422N2009646        ;10425282003490;2025-08-02 07:32:51;ERRO - invalid-input-response;2025-08-02 07:32:51;ERRO-captcha
QCE6J22;1182130272;9BVRG40DXKE864320        ;10425282003652;2025-08-02 07:33:31;ERRO - invalid-input-response;2025-08-02 07:33:31;ERRO-captcha
QCE4H42;1182009996;9ADG1133KKM438155        ;10425282004705;2025-08-02 07:34:11;ERRO - invalid-input-response;2025-08-02 07:34:11;ERRO-captcha
QCD6H72;1181449968;9ADG1133KKM436218        ;10425282003814;2025-08-02 07:34:52;ERRO - invalid-input-response;2025-08-02 07:34:52;ERRO-captcha
QCD6I02;1181451040;9ADG0933KKM437709        ;10425282003814;2025-08-02 07:37:36;ERRO - invalid-input-response;2025-08-02 07:37:36;ERRO-captcha
RRM9I12;1298964412;97T0BN422N2009631        ;10425282003652;2025-08-02 07:38:17;ERRO - invalid-input-response;2025-08-02 07:38:17;ERRO-captcha
JZH3982;775555290;9A9B9003022DF5072        ;10425282004896;2025-08-02 07:38:58;ERRO - invalid-input-response;2025-08-02 07:38:58;ERRO-captcha
LSW7E92;1113134221;9BM384078HB048130        ;10425282005868;2025-08-02 07:39:39;ERRO - invalid-input-response;2025-08-02 07:39:39;ERRO-captcha
QCD8D72;1181612141;9ADG0933KKM438156        ;10425282004705;2025-08-02 07:40:21;ERRO - invalid-input-response;2025-08-02 07:40:21;ERRO-captcha
QCD6H62;1181449402;9ADG0933KKM437986        ;10425282003814;2025-08-02 07:41:02;ERRO - invalid-input-response;2025-08-02 07:41:02;ERRO-captcha
QCD0J42;1180637035;9BVRG40D4KE863898        ;10425282003814;2025-08-02 07:41:42;ERRO - invalid-input-response;2025-08-02 07:41:42;ERRO-captcha
QCD6H82;1181450460;9ADG0933KKM436217        ;10425282003814;2025-08-02 07:42:22;ERRO - invalid-input-response;2025-08-02 07:42:22;ERRO-captcha
RRM9I52;1298966245;97T0BN422N2009630        ;10425282003652;2025-08-02 07:43:02;ERRO - invalid-input-response;2025-08-02 07:43:02;ERRO-captcha
QCD0J52;1180637620;9BVRG40D7KE863899        ;10425282003814;2025-08-02 07:43:44;ERRO - invalid-input-response;2025-08-02 07:43:44;ERRO-captcha
QCD0J72;1180638511;9BVRG40D1KE863604        ;10425282003814;2025-08-02 07:44:26;ERRO - invalid-input-response;2025-08-02 07:44:26;ERRO-captcha
QCD0J82;1180638821;9BVRG40D9KE863896        ;10425282003814;2025-08-02 07:45:09;ERRO - invalid-input-response;2025-08-02 07:45:09;ERRO-captcha
QCD1A12;1180639259;9BVRG40D4KE863900        ;10425282003814;2025-08-02 07:45:50;ERRO - invalid-input-response;2025-08-02 07:45:50;ERRO-captcha
QCD6H32;1181444699;9ADG0933KKM437707        ;10425282003814;2025-08-02 07:46:31;ERRO - invalid-input-response;2025-08-02 07:46:31;ERRO-captcha
QCD6H22;1181444869;9ADG1133KKM437854        ;10425282003814;2025-08-02 07:47:12;ERRO - invalid-input-response;2025-08-02 07:47:12;ERRO-captcha
QCD8302;1181610556;9ADG1133KKM437989        ;10425282004705;2025-08-02 07:47:54;ERRO - invalid-input-response;2025-08-02 07:47:54;ERRO-captcha
QCD8332;1181611021;9ADG0933KKM437988        ;10425282004705;2025-08-02 07:48:35;ERRO - invalid-input-response;2025-08-02 07:48:35;ERRO-captcha
QCE4I22;1182010730;9ADG1133KKM438536        ;10425282004705;2025-08-02 07:49:16;ERRO - invalid-input-response;2025-08-02 07:49:16;ERRO-captcha
QCE6572;1182106550;8AJDA8CD7K1880024        ;10425282004705;2025-08-02 07:49:56;ERRO - invalid-input-response;2025-08-02 07:49:56;ERRO-captcha
QCE6632;1182108382;8AJDA8CD2K1880027        ;10425282003814;2025-08-02 07:50:37;ERRO - invalid-input-response;2025-08-02 07:50:37;ERRO-captcha
QCE6I12;1182122440;9BVRG40D8KE864318        ;10425282003652;2025-08-02 07:51:18;ERRO - invalid-input-response;2025-08-02 07:51:18;ERRO-captcha
QCE6I52;1182124450;9BVRG40D3KE864560        ;10425282003652;2025-08-02 07:52:00;ERRO - invalid-input-response;2025-08-02 07:52:00;ERRO-captcha
QCE6J02;1182129053;9BVRG40D2KE864321        ;10425282003652;2025-08-02 07:52:39;ERRO - invalid-input-response;2025-08-02 07:52:39;ERRO-captcha
QCE9202;1182282560;8AJDA8CDXK1880017        ;10425282004624;2025-08-02 07:53:21;ERRO - invalid-input-response;2025-08-02 07:53:21;ERRO-captcha
QCF9202;1182858250;8AJDA8CD7K1880072        ;10425282003652;2025-08-02 07:54:02;ERRO - invalid-input-response;2025-08-02 07:54:02;ERRO-captcha
QCF9352;1182863601;9C2KD0810KR012112        ;10425282004209;2025-08-02 07:54:43;ERRO - invalid-input-response;2025-08-02 07:54:43;ERRO-captcha
QCG0G22;1182935386;9BVRG40D8KE864903        ;10425282003652;2025-08-02 07:55:23;ERRO - invalid-input-response;2025-08-02 07:55:23;ERRO-captcha
RRM8C92;1298893124;9BWJB45U1PP001599        ;10425282004209;2025-08-02 07:56:04;ERRO - invalid-input-response;2025-08-02 07:56:04;ERRO-captcha
QBF0452;1042223154;9C2KD0550ER115001        ;10425282004209;2025-08-02 07:56:45;ERRO - invalid-input-response;2025-08-02 07:56:45;ERRO-captcha
QBG0G22;1093534521;9BVT5T725FE403243        ;10425282003229;2025-08-02 07:57:26;ERRO - invalid-input-response;2025-08-02 07:57:26;ERRO-captcha
QBG3152;1093534629;9BVT5T728EE402781        ;10425282003733;2025-08-02 07:58:06;ERRO - invalid-input-response;2025-08-02 07:58:06;ERRO-captcha
RAT3E02;1259156203;9BD281A22MYW11238        ;10425282003490;2025-08-02 07:58:47;ERRO - invalid-input-response;2025-08-02 07:58:47;ERRO-captcha
RAT3F42;1259159571;9BD281B22MYW10592        ;10425282003229;2025-08-02 07:59:28;ERRO - invalid-input-response;2025-08-02 07:59:28;ERRO-captcha
RAT3F62;1259161436;9BD281B22MYW10639        ;10425282003229;2025-08-02 08:00:09;ERRO - invalid-input-response;2025-08-02 08:00:09;ERRO-captcha
RAU4D92;1289486260;93KP0R1C1ME176116        ;10425282004209;2025-08-02 08:00:50;ERRO - invalid-input-response;2025-08-02 08:00:50;ERRO-captcha
RAX8J72;1292625926;9C2KD0810NR167715        ;10425282003490;2025-08-02 08:01:33;ERRO - invalid-input-response;2025-08-02 08:01:33;ERRO-captcha
RAX9A52;1292627074;9C2KD0810NR167890        ;10425282004624;2025-08-02 08:02:15;ERRO - invalid-input-response;2025-08-02 08:02:15;ERRO-captcha
RRJ0D42;1296601720;93KK0R1DXNE176816        ;10425282003571;2025-08-02 08:02:57;ERRO - invalid-input-response;2025-08-02 08:02:57;ERRO-captcha
RRM8C12;1298892241;9BWJB45U6PP001467        ;10425282004209;2025-08-02 08:03:38;ERRO - invalid-input-response;2025-08-02 08:03:38;ERRO-captcha
RRM8C62;1298892870;9BWJB45U2PP001613        ;10425282004209;2025-08-02 08:04:20;ERRO - invalid-input-response;2025-08-02 08:04:20;ERRO-captcha
RRM9C22;1298944691;97TRBD442N2002473        ;10425282003229;2025-08-02 08:05:01;ERRO - invalid-input-response;2025-08-02 08:05:01;ERRO-captcha
RRM9D42;1298949073;97TRBD442N2002476        ;10425282003229;2025-08-02 08:05:43;ERRO - invalid-input-response;2025-08-02 08:05:43;ERRO-captcha
RRM9F92;1298956690;97TRBD442N2002478        ;10425282003490;2025-08-02 08:06:26;ERRO - invalid-input-response;2025-08-02 08:06:26;ERRO-captcha
RRM9G22;1298958331;97TOBN422N2009647        ;10425282003490;2025-08-02 08:07:07;ERRO - invalid-input-response;2025-08-02 08:07:07;ERRO-captcha
RRM9H02;1298960034;97TD0N412N2007286        ;10425282003652;2025-08-02 08:07:49;ERRO - invalid-input-response;2025-08-02 08:07:49;ERRO-captcha
RRM9H62;1298961596;97TRBD442N2002463        ;10425282003652;2025-08-02 08:08:29;ERRO - invalid-input-response;2025-08-02 08:08:29;ERRO-captcha
RRM9I02;1298963980;97TRBD442N2002467        ;10425282003652;2025-08-02 08:09:10;ERRO - invalid-input-response;2025-08-02 08:09:10;ERRO-captcha
RRM9I82;1298967748;97TRBD442N2002465        ;10425282003652;2025-08-02 08:09:51;ERRO - invalid-input-response;2025-08-02 08:09:51;ERRO-captcha
RRM9J62;1298970013;97T0BN422N2009637        ;10425282004624;2025-08-02 08:10:32;ERRO - invalid-input-response;2025-08-02 08:10:32;ERRO-captcha
RRW4A02;1335170887;9A9V1553PPMFW4176        ;10425282003490;2025-08-02 08:11:13;ERRO - invalid-input-response;2025-08-02 08:11:13;ERRO-captcha
SPN2D02;1385380397;93KP0Y1C1RE196790        ;10425282004209;2025-08-02 08:11:54;ERRO - invalid-input-response;2025-08-02 08:11:54;ERRO-captcha
QCG7H82;1183292187;9BVRG40D8KE865196        ;10425282004705;2025-08-02 08:12:35;ERRO - invalid-input-response;2025-08-02 08:12:35;ERRO-captcha
RAO2I22;1254128554;9BM958443MB203063        ;10425282003652;2025-08-02 08:13:16;ERRO - invalid-input-response;2025-08-02 08:13:16;ERRO-captcha
RAO2I32;1254129305;9BM958443MB203491        ;10425282003652;2025-08-02 08:13:56;ERRO - invalid-input-response;2025-08-02 08:13:56;ERRO-captcha
RAS0H72;1258629507;8AJDA3CD8M1819030        ;10425282003652;2025-08-02 08:16:00;ERRO - invalid-input-response;2025-08-02 08:16:00;ERRO-captcha
QBA8E22;1040259801;93ZA1RGH0E8925502        ;10425282000122;2025-08-02 08:18:42;ERRO - invalid-input-response;2025-08-02 08:18:42;ERRO-captcha
RAT3A22;1259141630;9BD281B22MYW03346        ;10425282003229;2025-08-02 08:19:25;ERRO - invalid-input-response;2025-08-02 08:19:25;ERRO-captcha
RAT3B12;1259142679;9BD281B22MYW08210        ;10425282003229;2025-08-02 08:20:06;ERRO - invalid-input-response;2025-08-02 08:20:06;ERRO-captcha
RAT3D42;1259154227;9BD281A22MYW11380        ;10425282003490;2025-08-02 08:20:47;ERRO - invalid-input-response;2025-08-02 08:20:47;ERRO-captcha
RAT3E62;1259156955;9BD281A22MYW11236        ;10425282003490;2025-08-02 08:21:29;ERRO - invalid-input-response;2025-08-02 08:21:29;ERRO-captcha
DSF2302;307082253;9BFYCE6U1BBB64732        ;10425282003652;2025-08-02 08:24:52;ERRO - invalid-input-response;2025-08-02 08:24:52;ERRO-captcha
NPC9562;325181675;9BVJS02D7BE772896        ;10425282000122;2025-08-02 08:25:33;ERRO - invalid-input-response;2025-08-02 08:25:33;ERRO-captcha
NPC9612;325183147;9BVJS02D9BE772897        ;10425282000122;2025-08-02 08:26:15;ERRO - invalid-input-response;2025-08-02 08:26:15;ERRO-captcha
OAV6E72;470834617;9BM693388CB821978        ;10425282005949;2025-08-02 08:26:55;ERRO - invalid-input-response;2025-08-02 08:26:55;ERRO-captcha
ONK7D82;533609208;9BVT5T720DE401459        ;10425282006244;2025-08-02 08:27:36;ERRO - invalid-input-response;2025-08-02 08:27:36;ERRO-captcha
OBP7A02;566187868;9BM694000DB916829        ;10425282007216;2025-08-02 08:28:16;ERRO - invalid-input-response;2025-08-02 08:28:16;ERRO-captcha
AGH8852;657055360;9BM384087TB095227        ;10425282004896;2025-08-02 08:28:57;ERRO - invalid-input-response;2025-08-02 08:28:57;ERRO-captcha
AEK7272;851350259;9BFZTNYT84BB45901        ;10425282003490;2025-08-02 08:29:38;ERRO - invalid-input-response;2025-08-02 08:29:38;ERRO-captcha
NPD8A02;1000538785;93KP0R1A3EE146857        ;10425282000122;2025-08-02 08:30:20;ERRO - invalid-input-response;2025-08-02 08:30:20;ERRO-captcha
NPD8122;1000538874;93KP0R1A0EE146856        ;10425282000122;2025-08-02 08:31:01;ERRO - invalid-input-response;2025-08-02 08:31:01;ERRO-captcha
NJW5892;993912230;93KP0S1D2EE146931        ;10425282000122;2025-08-02 08:31:41;ERRO - invalid-input-response;2025-08-02 08:31:41;ERRO-captcha
NPD8F12;994150660;93KP0R1A9EE146859        ;10425282000122;2025-08-02 08:32:22;ERRO - invalid-input-response;2025-08-02 08:32:22;ERRO-captcha
NPD8542;994151055;93KP0R1A8EE146860        ;10425282000122;2025-08-02 08:33:04;ERRO - invalid-input-response;2025-08-02 08:33:04;ERRO-captcha
NPN8062;995211418;8AJFY22G3E8013101        ;2837996000110;2025-08-02 08:33:44;ERRO - invalid-input-response;2025-08-02 08:33:44;ERRO-captcha
OAQ8G62;996388206;8AJFY22G3E8013423        ;2837996000110;2025-08-02 08:34:25;ERRO - invalid-input-response;2025-08-02 08:34:25;ERRO-captcha
OBF3F32;998568929;9A9BA2533ECDJ5331        ;10425282000122;2025-08-02 08:35:06;ERRO - invalid-input-response;2025-08-02 08:35:06;ERRO-captcha
RRM8D82;1298893957;9BWJB45U3PP001619        ;10425282004209;2025-08-02 08:35:47;ERRO - invalid-input-response;2025-08-02 08:35:47;ERRO-captcha
RRM8E02;1298894201;9BWJB45U3PP001443        ;10425282004209;2025-08-02 08:36:28;ERRO - invalid-input-response;2025-08-02 08:36:28;ERRO-captcha
RRM8E22;1298894465;9BWJB45U8PP001485        ;10425282004209;2025-08-02 08:37:09;ERRO - invalid-input-response;2025-08-02 08:37:09;ERRO-captcha
RRM8E32;1298894627;9BWJB45U1PP001604        ;10425282004209;2025-08-02 08:37:50;ERRO - invalid-input-response;2025-08-02 08:37:50;ERRO-captcha
RRP1E02;1334688750;93KK0R1C9NE186249        ;10425282003490;2025-08-02 08:38:32;ERRO - invalid-input-response;2025-08-02 08:38:32;ERRO-captcha
QCA9I22;1144979622;WV1DB42H2JA028860        ;38268016000152;2025-08-02 08:52:52;ERRO - invalid-input-response;2025-08-02 08:52:52;ERRO-captcha
QCD0B82;1180355242;9ADG0933KKM436235        ;10425282003814;2025-08-02 08:53:34;ERRO - invalid-input-response;2025-08-02 08:53:34;ERRO-captcha
QCD0C12;1180355862;9ADG1133KKM436250        ;10425282003814;2025-08-02 08:54:16;ERRO - invalid-input-response;2025-08-02 08:54:16;ERRO-captcha
QCD0C22;1180356052;9ADG0933KKM436249        ;10425282003814;2025-08-02 08:54:56;ERRO - invalid-input-response;2025-08-02 08:54:56;ERRO-captcha
QCD0C52;1180356630;9ADG1133KKM436260        ;10425282003814;2025-08-02 08:55:37;ERRO - invalid-input-response;2025-08-02 08:55:37;ERRO-captcha
QCD0C62;1180356869;9ADG0933KKM436259        ;10425282003814;2025-08-02 08:56:19;ERRO - invalid-input-response;2025-08-02 08:56:19;ERRO-captcha
QCD6H52;1181445423;9ADG1133KKM437987        ;10425282003814;2025-08-02 08:56:59;ERRO - invalid-input-response;2025-08-02 08:56:59;ERRO-captcha
QCD8382;1181612486;9ADG1133KKM437983        ;10425282004705;2025-08-02 08:57:40;ERRO - invalid-input-response;2025-08-02 08:57:40;ERRO-captcha
QCE4H62;1182010277;9ADG1133KKM438469        ;10425282004705;2025-08-02 08:58:21;ERRO - invalid-input-response;2025-08-02 08:58:21;ERRO-captcha
QCE4H92;1182010480;9ADG0933KKM438468        ;10425282004705;2025-08-02 08:59:02;ERRO - invalid-input-response;2025-08-02 08:59:02;ERRO-captcha
QCE4I72;1182012482;9ADG1133KKM438526        ;10425282004705;2025-08-02 08:59:43;ERRO - invalid-input-response;2025-08-02 08:59:43;ERRO-captcha
QCE4I82;1182013136;9ADG0933KKM438525        ;10425282004705;2025-08-02 09:00:24;ERRO - invalid-input-response;2025-08-02 09:00:24;ERRO-captcha
RAT0B92;1257848329;LXGCPA457LA013835        ;10425282003571;2025-08-02 09:01:05;ERRO - invalid-input-response;2025-08-02 09:01:05;ERRO-captcha
OBF3862;998072664;9A9BA2533ECDJ5332        ;10425282000122;2025-08-02 09:01:46;ERRO - invalid-input-response;2025-08-02 09:01:46;ERRO-captcha
QCE4H12;1182009562;9ADG0933KKM438154        ;10425282004705;2025-08-02 09:02:27;ERRO - invalid-input-response;2025-08-02 09:02:27;ERRO-captcha
CRY3A32;725763329;9A9V12730X2AD9188        ;17572268000109;2025-08-02 09:03:08;ERRO - invalid-input-response;2025-08-02 09:03:08;ERRO-captcha
QCD6H42;1181445148;9ADG0933KKM437853        ;10425282003814;2025-08-02 09:03:50;ERRO - invalid-input-response;2025-08-02 09:03:50;ERRO-captcha
FER5H22;1116734777;YS2R6X400G2130221        ;10425282002095;2025-08-02 09:05:13;ERRO - invalid-input-response;2025-08-02 09:05:13;ERRO-captcha
QBV8122;1118635733;9A9S3CTLSH1AH8014        ;10425282003229;2025-08-02 09:05:56;ERRO - invalid-input-response;2025-08-02 09:05:56;ERRO-captcha
QBV8162;1118650449;9A9S3CTL7H1AH8017        ;10425282003229;2025-08-02 09:06:37;ERRO - invalid-input-response;2025-08-02 09:06:37;ERRO-captcha
QBX3A52;1143567878;9A9R4CBS2J1AH8031        ;10425282002095;2025-08-02 09:08:01;ERRO - invalid-input-response;2025-08-02 09:08:01;ERRO-captcha
QBX3162;1143568750;9A9R4CBSBJ1AH8034        ;10425282002095;2025-08-02 09:08:41;ERRO - invalid-input-response;2025-08-02 09:08:41;ERRO-captcha
QCP5512;1146538410;9A9R4CBS6J1AH8038        ;10425282002095;2025-08-02 09:09:22;ERRO - invalid-input-response;2025-08-02 09:09:22;ERRO-captcha
QCP5532;1146538534;9A9R4CBS3J1AH8037        ;10425282002095;2025-08-02 09:10:03;ERRO - invalid-input-response;2025-08-02 09:10:03;ERRO-captcha
RAU6A42;1291420093;97T0BN442N2009006        ;10425282004624;2025-08-02 09:10:44;ERRO - invalid-input-response;2025-08-02 09:10:44;ERRO-captcha
RAU6A52;1291420425;97TD0N412N2006703        ;10425282004624;2025-08-02 09:11:25;ERRO - invalid-input-response;2025-08-02 09:11:25;ERRO-captcha
RAU6A72;1291420620;97TRBD442N2001971        ;10425282004624;2025-08-02 09:12:06;ERRO - invalid-input-response;2025-08-02 09:12:06;ERRO-captcha
RRM9B62;1298942222;97TOBN422N2009642        ;10425282003229;2025-08-02 09:12:47;ERRO - invalid-input-response;2025-08-02 09:12:47;ERRO-captcha
RRM9B82;1298942931;97TD0N412N2007299        ;10425282003229;2025-08-02 09:13:28;ERRO - invalid-input-response;2025-08-02 09:13:28;ERRO-captcha
RRW4A72;1335171280;9A9V1553PPMFW4175        ;10425282003490;2025-08-02 09:27:49;ERRO - invalid-input-response;2025-08-02 09:27:49;ERRO-captcha
RRQ9E52;1343099100;9A9V1553PPMFW4168        ;10425282006597;2025-08-02 09:28:30;ERRO - invalid-input-response;2025-08-02 09:28:30;ERRO-captcha
RRU1B82;1344308489;9A9V1553PPMFW4171        ;10425282006597;2025-08-02 09:29:11;ERRO - invalid-input-response;2025-08-02 09:29:11;ERRO-captcha
ETR5022;280278934;94BN0802BBR002062        ;10425282003490;2025-08-02 09:29:52;ERRO - invalid-input-response;2025-08-02 09:29:52;ERRO-captcha
RRM9C72;1298947240;97TRBD442N2002477        ;10425282003229;2025-08-02 09:30:33;ERRO - invalid-input-response;2025-08-02 09:30:33;ERRO-captcha
RRM9C92;1298947917;97TD0N412N2007303        ;10425282003490;2025-08-02 09:31:14;ERRO - invalid-input-response;2025-08-02 09:31:14;ERRO-captcha
RRM9D12;1298948590;97TOBN422N2009641        ;10425282003229;2025-08-02 09:31:55;ERRO - invalid-input-response;2025-08-02 09:31:55;ERRO-captcha
RRM9D32;1298948840;97TD0N412N2007298        ;10425282003229;2025-08-02 09:32:37;ERRO - invalid-input-response;2025-08-02 09:32:37;ERRO-captcha
DFN0G42;785703985;9BFLF47G42B078347        ;10425282003903;2025-08-02 09:33:18;ERRO - invalid-input-response;2025-08-02 09:33:18;ERRO-captcha
JZQ9322;822165147;9ADV094244M198506        ;03963019000121;2025-08-02 09:33:59;ERRO - invalid-input-response;2025-08-02 09:33:59;ERRO-captcha
DSQ8842;883286084;9A9SRCPE261DJ1034        ;10425282004209;2025-08-02 09:34:40;ERRO - invalid-input-response;2025-08-02 09:34:40;ERRO-captcha
OBF4242;998574520;9A9BA2533ECDJ5329        ;10425282000122;2025-08-02 09:35:20;ERRO - invalid-input-response;2025-08-02 09:35:20;ERRO-captcha
EGS1712;116165219;9BSP8X40093639906        ;10425282003652;2025-08-02 09:36:02;ERRO - invalid-input-response;2025-08-02 09:36:02;ERRO-captcha
QCE6562;1182105707;8AJDA8CD5K1879938        ;10425282003490;2025-08-02 09:36:44;ERRO - invalid-input-response;2025-08-02 09:36:44;ERRO-captcha
QBG2762;1093534220;9BVT5T72XFE402928        ;10425282003229;2025-08-02 09:37:25;ERRO - invalid-input-response;2025-08-02 09:37:25;ERRO-captcha
QCD0J92;1180639011;9BVRG40D1KE863897        ;10425282003814;2025-08-02 09:38:06;ERRO - invalid-input-response;2025-08-02 09:38:06;ERRO-captcha
OBF4512;998467626;9A9BA2533ECDJ5966        ;10425282000122;2025-08-02 09:38:48;ERRO - invalid-input-response;2025-08-02 09:38:48;ERRO-captcha
SVC2A62;1368484279;9C2KD0810RR032389        ;10425282004209;2025-08-02 09:39:28;ERRO - invalid-input-response;2025-08-02 09:39:28;ERRO-captcha
RRO4E12;1331284829;93KK0R1C7NE184540        ;10425282004209;2025-08-02 09:40:09;ERRO - invalid-input-response;2025-08-02 09:40:09;ERRO-captcha
SPH2D12;1379355866;9882261PERKF59613        ;10425282003490;2025-08-02 09:40:50;ERRO - invalid-input-response;2025-08-02 09:40:50;ERRO-captcha
RAM2D52;1230144061;9BM384076LB167945        ;10425282004624;2025-08-02 09:41:32;ERRO - invalid-input-response;2025-08-02 09:41:32;ERRO-captcha
QCD0J62;1180638147;9BVRG40D8KE863892        ;10425282003814;2025-08-02 09:42:13;ERRO - invalid-input-response;2025-08-02 09:42:13;ERRO-captcha
RRM9I22;1298965184;97TD0N412N2007288        ;10425282003652;2025-08-02 09:42:54;ERRO - invalid-input-response;2025-08-02 09:42:54;ERRO-captcha
LHV0852;320344789;9BM384098NB964118        ;10425282004896;2025-08-02 08:45:21;ERRO - invalid-input-response;2025-08-02 08:45:21;ERRO-captcha
NPE6D42;325849234;93KP0E0A3BE127071        ;10425282000122;2025-08-02 08:46:02;ERRO - invalid-input-response;2025-08-02 08:46:02;ERRO-captcha
BHM3J82;401950530;9BFXXXLM5HDB67551        ;10425282004896;2025-08-02 08:46:43;ERRO - invalid-input-response;2025-08-02 08:46:43;ERRO-captcha
OAV6F32;470836245;9BM693298BB797022        ;10425282005949;2025-08-02 08:47:24;ERRO - invalid-input-response;2025-08-02 08:47:24;ERRO-captcha
ICP6562;590466895;9BM384098JB815268        ;10425282004896;2025-08-02 08:48:04;ERRO - invalid-input-response;2025-08-02 08:48:04;ERRO-captcha
BXG7642;645327573;9BWYTARB8SDB71801        ;10425282004896;2025-08-02 08:48:45;ERRO - invalid-input-response;2025-08-02 08:48:45;ERRO-captcha
AIY4352;725918861;9BFXK82F2XD020591        ;10425282003490;2025-08-02 08:49:27;ERRO - invalid-input-response;2025-08-02 08:49:27;ERRO-captcha
CZX1242;798271272;9BWRF82W32R205404        ;10425282007216;2025-08-02 08:50:08;ERRO - invalid-input-response;2025-08-02 08:50:08;ERRO-captcha
HRS7022;865033463;9A9CFF39351DV8050        ;10425282004209;2025-08-02 08:50:51;ERRO - invalid-input-response;2025-08-02 08:50:51;ERRO-captcha
DQB9142;988313383;9BSP8X40083632923        ;10425282003652;2025-08-02 08:51:31;ERRO - invalid-input-response;2025-08-02 08:51:31;ERRO-captcha
NJW6A22;993913644;93KP0S1D1EE146938        ;10425282000122;2025-08-02 08:52:11;ERRO - invalid-input-response;2025-08-02 08:52:11;ERRO-captcha
IML4J32;853755779;9A95FL54P5ADK3244        ;10425282004209;2025-08-02 09:04:32;ERRO - invalid-input-response;2025-08-02 09:04:32;ERRO-captcha
QBV8172;1118650961;9A9S3CTL1H1AH8015        ;10425282003229;2025-08-02 09:07:19;ERRO - invalid-input-response;2025-08-02 09:07:19;ERRO-captcha
RRM9B92;1298943431;97TRBD442N2002482        ;10425282003490;2025-08-02 09:14:09;ERRO - invalid-input-response;2025-08-02 09:14:09;ERRO-captcha
RRM9D62;1298949278;97TRBD442N2002481        ;10425282003490;2025-08-02 09:14:50;ERRO - invalid-input-response;2025-08-02 09:14:50;ERRO-captcha
RRM9D82;1298949766;97TOBN422N2009645        ;10425282003490;2025-08-02 09:15:31;ERRO - invalid-input-response;2025-08-02 09:15:31;ERRO-captcha
RRM9D72;1298949847;97TD0N412N2007297        ;10425282003229;2025-08-02 09:16:12;ERRO - invalid-input-response;2025-08-02 09:16:12;ERRO-captcha
RRM9E12;1298950314;97TRBD442N2002475        ;10425282003229;2025-08-02 09:16:55;ERRO - invalid-input-response;2025-08-02 09:16:55;ERRO-captcha
RRM9E32;1298950659;97TOBN422N2009639        ;10425282003229;2025-08-02 09:17:35;ERRO - invalid-input-response;2025-08-02 09:17:35;ERRO-captcha
RRM9E62;1298951493;97TRBD442N2002480        ;10425282003490;2025-08-02 09:18:17;ERRO - invalid-input-response;2025-08-02 09:18:17;ERRO-captcha
RRM9E72;1298952325;97TOBN422N2009644        ;10425282003490;2025-08-02 09:18:58;ERRO - invalid-input-response;2025-08-02 09:18:58;ERRO-captcha
RRM9F02;1298953836;97TD0N412N2007301        ;10425282003490;2025-08-02 09:19:38;ERRO - invalid-input-response;2025-08-02 09:19:38;ERRO-captcha
RRM9F12;1298954000;97TRBD442N2002474        ;10425282003229;2025-08-02 09:20:19;ERRO - invalid-input-response;2025-08-02 09:20:19;ERRO-captcha
RRM9F32;1298954395;97TOBN422N2009638        ;10425282003229;2025-08-02 09:21:00;ERRO - invalid-input-response;2025-08-02 09:21:00;ERRO-captcha
RRM9F52;1298955561;97T0BN422N2009643        ;10425282003490;2025-08-02 09:21:42;ERRO - invalid-input-response;2025-08-02 09:21:42;ERRO-captcha
RRM9F72;1298956061;97TD0N412N2007300        ;10425282003490;2025-08-02 09:22:22;ERRO - invalid-input-response;2025-08-02 09:22:22;ERRO-captcha
QBU5H22;1115589510;93ZE12NMZH8931896        ;10425282003490;2025-08-02 09:43:36;ERRO - invalid-input-response;2025-08-02 09:43:36;ERRO-captcha
RRM9G62;1298959613;97T0BN422N2009629        ;10425282003652;2025-08-02 09:23:03;ERRO - invalid-input-response;2025-08-02 09:23:03;ERRO-captcha
RRM9H32;1298960883;97T0BN422N2009628        ;10425282003652;2025-08-02 09:23:43;ERRO - invalid-input-response;2025-08-02 09:23:43;ERRO-captcha
RRM9H52;1298961383;97TD0N412N2007285        ;10425282003652;2025-08-02 09:24:24;ERRO - invalid-input-response;2025-08-02 09:24:24;ERRO-captcha
RRM9H82;1298962274;97T0BN422N2009632        ;10425282003652;2025-08-02 09:25:05;ERRO - invalid-input-response;2025-08-02 09:25:05;ERRO-captcha
RRM9H92;1298962800;97TD0N412N2007289        ;10425282003652;2025-08-02 09:25:47;ERRO - invalid-input-response;2025-08-02 09:25:47;ERRO-captcha
RRM9I42;1298965680;97TRBD442N2002466        ;10425282003652;2025-08-02 09:26:29;ERRO - invalid-input-response;2025-08-02 09:26:29;ERRO-captcha
RRM9I62;1298967284;97TD0N412N2007287        ;10425282003652;2025-08-02 09:27:09;ERRO - invalid-input-response;2025-08-02 09:27:09;ERRO-captcha
RAN0F32;1253448172;9BD281B22MYV77180        ;10425282003652;2025-08-02 09:44:17;ERRO - invalid-input-response;2025-08-02 09:44:17;ERRO-captcha
RRM9E52;1298950900;97TD0N412N2007296        ;10425282003229;2025-08-02 09:44:58;ERRO - invalid-input-response;2025-08-02 09:44:58;ERRO-captcha
NPI9D02;327526335;94BA1152BBV031342        ;10425282004896;2025-08-02 09:45:39;ERRO - invalid-input-response;2025-08-02 09:45:39;ERRO-captcha
JYD5092;295501430;52443                    ;10425282004896;2025-08-02 09:46:19;ERRO - invalid-input-response;2025-08-02 09:46:19;ERRO-captcha
RRM8D32;1298893426;9BWJB45U7PP001445        ;10425282004209;2025-08-02 09:47:00;ERRO - invalid-input-response;2025-08-02 09:47:00;ERRO-captcha
RRM8D52;1298893639;9BWJB45U5PP001427        ;10425282004209;2025-08-02 09:47:41;ERRO - invalid-input-response;2025-08-02 09:47:41;ERRO-captcha
RRM8D72;1298893809;9BWJB45U6PP001632        ;10425282004209;2025-08-02 09:48:22;ERRO - invalid-input-response;2025-08-02 09:48:22;ERRO-captcha
QCG7H92;1183293230;9BVRG40D1KE864853        ;10425282004705;2025-08-02 09:49:03;ERRO - invalid-input-response;2025-08-02 09:49:03;ERRO-captcha
QCG7I02;1183294333;9BVRG40D6KE865199        ;10425282004705;2025-08-02 09:49:44;ERRO - invalid-input-response;2025-08-02 09:49:44;ERRO-captcha
QCH3442;1183419926;9C2KD0810KR125681        ;10425282004209;2025-08-02 09:50:25;ERRO - invalid-input-response;2025-08-02 09:50:25;ERRO-captcha
QCH3602;1183421076;9C2KD0810KR125574        ;10425282004209;2025-08-02 09:51:06;ERRO - invalid-input-response;2025-08-02 09:51:06;ERRO-captcha
QCH3652;1183421343;9C2KD0810KR125646        ;10425282004209;2025-08-02 09:51:47;ERRO - invalid-input-response;2025-08-02 09:51:47;ERRO-captcha
RAL0D22;1227433368;9BD5781FFLY411393        ;10425282003652;2025-08-02 09:52:28;ERRO - invalid-input-response;2025-08-02 09:52:28;ERRO-captcha
RAL7E02;1228164484;9BM384076LB167898        ;10425282003490;2025-08-02 09:53:08;ERRO - invalid-input-response;2025-08-02 09:53:08;ERRO-captcha
RAL7J22;1228250470;9BM384076LB168876        ;10425282003571;2025-08-02 09:53:49;ERRO - invalid-input-response;2025-08-02 09:53:49;ERRO-captcha
RAL7J42;1228251735;9BM384076LB167859        ;10425282003229;2025-08-02 09:54:29;ERRO - invalid-input-response;2025-08-02 09:54:29;ERRO-captcha
RAN8H52;1253889217;9BM958443MB200480        ;10425282003652;2025-08-02 09:55:10;ERRO - invalid-input-response;2025-08-02 09:55:10;ERRO-captcha
QCG7G82;1183287841;9BVRG40D0KE865197        ;10425282004705;2025-08-02 09:55:51;ERRO - invalid-input-response;2025-08-02 09:55:51;ERRO-captcha
RAT3F82;1259161932;9BD281B22MYW10643        ;10425282003229;2025-08-02 09:56:31;ERRO - invalid-input-response;2025-08-02 09:56:31;ERRO-captcha
DSF4J32;957915578;9BSP8X40083621978        ;10425282005353;2025-08-02 09:57:11;ERRO - invalid-input-response;2025-08-02 09:57:11;ERRO-captcha
DZX6112;988313480;9BSP8X40083633321        ;10425282003652;2025-08-02 09:57:52;ERRO - invalid-input-response;2025-08-02 09:57:52;ERRO-captcha
DQB0802;988313618;9BSP8X40083633298        ;10425282003652;2025-08-02 09:58:33;ERRO - invalid-input-response;2025-08-02 09:58:33;ERRO-captcha
QCE6I82;1182126950;9BVRG40D4KE864559        ;10425282003652;2025-08-02 07:14:25;ERRO - invalid-input-response;2025-08-02 07:14:25;ERRO-captcha
QCD0B72;1180354440;9ADG1133KKM436236        ;10425282003814;2025-08-02 07:15:07;ERRO - invalid-input-response;2025-08-02 07:15:07;ERRO-captcha
NPD8282;993822924;93KP0R1A6EE146858        ;10425282000122;2025-08-02 07:35:32;ERRO - invalid-input-response;2025-08-02 07:35:32;ERRO-captcha
ILV2A12;827991754;9A9BT12724JAU8029        ;10425282004209;2025-08-02 07:36:14;ERRO - invalid-input-response;2025-08-02 07:36:14;ERRO-captcha
OBF4A22;998572691;9A9BA2533ECDJ5330        ;10425282000122;2025-08-02 07:36:55;ERRO - invalid-input-response;2025-08-02 07:36:55;ERRO-captcha
RAO2I42;1254129844;9BM958443MB203541        ;10425282003652;2025-08-02 08:14:37;ERRO - invalid-input-response;2025-08-02 08:14:37;ERRO-captcha
RAO2I62;1254130419;9BM958443MB203468        ;10425282003652;2025-08-02 08:15:18;ERRO - invalid-input-response;2025-08-02 08:15:18;ERRO-captcha
RAS0I02;1258630564;8AJDA3CD9M1819134        ;10425282004209;2025-08-02 08:16:40;ERRO - invalid-input-response;2025-08-02 08:16:40;ERRO-captcha
RAS0I32;1258631382;8AJDA3CD2M1819136        ;10425282004209;2025-08-02 08:17:21;ERRO - invalid-input-response;2025-08-02 08:17:21;ERRO-captcha
RAT2I82;1259136105;9BD281B22MYW06946        ;10425282003229;2025-08-02 08:18:02;ERRO - invalid-input-response;2025-08-02 08:18:02;ERRO-captcha
RAX9A02;1292626442;9C2KD0810NR167845        ;10425282004624;2025-08-02 08:22:10;ERRO - invalid-input-response;2025-08-02 08:22:10;ERRO-captcha
RAY0I12;1292702890;9C2KD0810NR175984        ;10425282004705;2025-08-02 08:22:51;ERRO - invalid-input-response;2025-08-02 08:22:51;ERRO-captcha
RRJ2A62;1297907075;9C2KD0810NR195528        ;10425282003490;2025-08-02 08:23:31;ERRO - invalid-input-response;2025-08-02 08:23:31;ERRO-captcha
ETR5012;280543875;94BN0802BBR002054        ;10425282003490;2025-08-02 08:24:11;ERRO - invalid-input-response;2025-08-02 08:24:11;ERRO-captcha
RRQ0A12;1339182863;93KK0R1CXNE185427        ;10425282003490;2025-08-02 08:39:13;ERRO - invalid-input-response;2025-08-02 08:39:13;ERRO-captcha
RRY0H32;1355068530;93ZA1PMH0P8958757        ;10425282003652;2025-08-02 08:39:53;ERRO - invalid-input-response;2025-08-02 08:39:53;ERRO-captcha
RRY0H42;1355068824;93ZA1PMH0P8958555        ;10425282003229;2025-08-02 08:40:33;ERRO - invalid-input-response;2025-08-02 08:40:33;ERRO-captcha
RRY0H52;1355069111;93ZA1PMH0P8958728        ;10425282004624;2025-08-02 08:41:14;ERRO - invalid-input-response;2025-08-02 08:41:14;ERRO-captcha
SPF7F52;1378956890;9BM951501RB353795        ;10425282003229;2025-08-02 08:41:56;ERRO - invalid-input-response;2025-08-02 08:41:56;ERRO-captcha
SPH2D42;1379357141;9882261PERKF59631        ;10425282003490;2025-08-02 08:42:38;ERRO - invalid-input-response;2025-08-02 08:42:38;ERRO-captcha
SPH2E02;1379359365;9882261PERKF59359        ;10425282003490;2025-08-02 08:43:18;ERRO - invalid-input-response;2025-08-02 08:43:18;ERRO-captcha
SPH2E62;1379361084;9882261PERKF59405        ;10425282003490;2025-08-02 08:43:59;ERRO - invalid-input-response;2025-08-02 08:43:59;ERRO-captcha
SPH2E92;1379362463;9882261PERKF59414        ;10425282003490;2025-08-02 08:44:40;ERRO - invalid-input-response;2025-08-02 08:44:40;ERRO-captcha
QCG7H62;1183290923;9BVRG40D7KE865192        ;10425282004705;2025-08-02 09:59:13;ERRO - invalid-input-response;2025-08-02 09:59:13;ERRO-captcha
QBV8142;1118637396;9A9S3CTL4H1AH8016        ;10425282003229;2025-08-02 09:59:55;ERRO - invalid-input-response;2025-08-02 09:59:55;ERRO-captcha
QCE6J52;1182131724;9BVRG40D0KE864319        ;10425282003652;2025-08-02 10:00:35;ERRO - invalid-input-response;2025-08-02 10:00:35;ERRO-captcha
QBG3412;1093534807;9BVT5T720FE403392        ;10425282004462;2025-08-02 10:01:17;ERRO - invalid-input-response;2025-08-02 10:01:17;ERRO-captcha
KRU8A92;1113134000;9BM384078HB048171        ;10425282004209;2025-08-02 10:01:58;ERRO - invalid-input-response;2025-08-02 10:01:58;ERRO-captcha
QBZ2D62;1144243170;9C2KD1000JR107748        ;10425282004705;2025-08-02 10:02:39;ERRO - invalid-input-response;2025-08-02 10:02:39;ERRO-captcha
QCQ6172;1146951857;93KP0R1C7JE160736        ;10425282004209;2025-08-02 10:03:20;ERRO - invalid-input-response;2025-08-02 10:03:20;ERRO-captcha
QCT5052;1148266728;WV1DA22H0JA031652        ;10425282004209;2025-08-02 10:04:01;ERRO - invalid-input-response;2025-08-02 10:04:01;ERRO-captcha
EGS4F42;116164905;9BSP8X40093639115        ;10425282003652;2025-08-02 10:04:43;ERRO - invalid-input-response;2025-08-02 10:04:43;ERRO-captcha
QCD0J32;1180636136;9BVRG40D7KE863901        ;10425282003814;2025-08-02 10:05:25;ERRO - invalid-input-response;2025-08-02 10:05:25;ERRO-captcha
QCD1A42;1180639720;9BVRG40D5KE863891        ;10425282003814;2025-08-02 10:06:07;ERRO - invalid-input-response;2025-08-02 10:06:07;ERRO-captcha
QCF9102;1182855919;8AJDA8CD0K1880074        ;10425282003652;2025-08-02 10:06:49;ERRO - invalid-input-response;2025-08-02 10:06:49;ERRO-captcha
QCF9382;1182864870;9C2KD0810KR122286        ;10425282004209;2025-08-02 10:07:29;ERRO - invalid-input-response;2025-08-02 10:07:29;ERRO-captcha
QCG0H52;1182938121;9BVRG40D3KE864905        ;10425282003652;2025-08-02 10:08:10;ERRO - invalid-input-response;2025-08-02 10:08:10;ERRO-captcha
QCG7G62;1183286896;9BVRG40DXKE865193        ;10425282004705;2025-08-02 10:08:52;ERRO - invalid-input-response;2025-08-02 10:08:52;ERRO-captcha
RRQ9E32;1343098910;9A9V1553PPMFW4170        ;10425282006597;2025-08-02 10:09:33;ERRO - invalid-input-response;2025-08-02 10:09:33;ERRO-captcha
RRU1B22;1344307989;9A9V1553PPMFW4173        ;10425282003490;2025-08-02 10:10:14;ERRO - invalid-input-response;2025-08-02 10:10:14;ERRO-captcha
