PLACA;RENAVAM;CHASSIS;NUM_DOCUMENTO;DT_ULT_CONSULTA_DETRAN;STATUS_LICENCIAMENTO;DT_ULT_CONSULTA_MULTAS;STATUS_MULTAS
OBG5J81;506138984;9EP071230D1001521        ;10425282000122;2025-08-10 13:25:28;QUITADO;2025-08-10 13:25:28;SEM DEBITOS
OBG5H41;506005550;9EP071230D1001362        ;10425282000122;2025-08-10 14:22:33;QUITADO;2025-08-10 14:22:33;SEM DEBITOS
OBG9B81;506209040;9EP071230D1001386        ;10425282000122;2025-08-10 14:53:55;QUITADO;2025-08-10 14:53:55;SEM DEBITOS
OBG9E01;506010600;9EP071230D1001562        ;10425282000122;2025-08-10 15:15:25;QUITADO;2025-08-10 15:15:25;SEM DEBITOS
