PLACA;RENAVAM;CHASSIS;NUM_DOCUMENTO;DT_ULT_CONSULTA_DETRAN;STATUS_LICENCIAMENTO;VALOR_LICENCIAMENTO;ARQUIVO_LICENCIAMENTO;DT_ULT_CONSULTA_MULTAS;STATUS_MULTAS;MULTAS;PRECO_MULTAS;ARQUIVO_MULTAS
QCE2E58;1202287996;9BSR6X400K3959296        ;10425282003733;2025-08-08 07:01:39;QUITADO;189.34;C:\BOT\LICENCIAMENTO\Lic Licenciamento 2025 - RENAVAM 1202287996.pdf;2025-08-08 07:02:14;A PAGAR;2;312.36;S:\Automacao\bot\MULTAS\MULTAS - 2025 - RENAVAM 1202287996.pdf
QCE2E68;1202288763;9BSR6X400K3959298        ;10425282003733;2025-08-08 07:03:22;A PAGAR;460.0;S:\Automacao\bot\LICENCIAMENTO\TESTE Lic Licenciamento 2025 - RENAVAM 1202288763.pdf;2025-08-08 07:03:43;A PAGAR;2;460.1;S:\Automacao\bot\MULTAS\MULTAS - 2025 - RENAVAM 1202288763.pdf
RRV2H68;1331422598;9882261RMPKE97361        ;10425282003652;2025-08-08 07:05:14;A PAGAR;1.01;S:\Automacao\bot\LICENCIAMENTO\TESTE Lic Licenciamento 2025 - RENAVAM 1331422598.pdf;2025-08-08 07:04:56;SEM DEBITOS;0;;
RRS7B18;1325278790;9BWJL45U1PP022417        ;10425282004209;2025-08-08 07:16:54;A PAGAR;138.0;S:\Automacao\bot\LICENCIAMENTO\TESTE Lic Licenciamento 2025 - RENAVAM 1325278790.pdf;2025-08-08 07:17:14;A PAGAR;1;138.29;S:\Automacao\bot\MULTAS\MULTAS - 2025 - RENAVAM 1325278790.pdf
SPI9F28;1398734249;9BVRT60D8RE605666        ;10425282003652;2025-08-08 07:26:20;QUITADO;189.34;C:\BOT\LICENCIAMENTO\Lic Licenciamento 2025 - RENAVAM 1398734249.pdf;2025-08-08 07:26:40;A PAGAR;1;104.13;S:\Automacao\bot\MULTAS\MULTAS - 2025 - RENAVAM 1398734249.pdf
RRR5B28;1322238372;9882261RMPKE92951        ;10425282004209;2025-08-08 07:35:51;A PAGAR;1.24;S:\Automacao\bot\LICENCIAMENTO\TESTE Lic Licenciamento 2025 - RENAVAM 1322238372.pdf;2025-08-08 07:35:30;SEM DEBITOS;0;;
RRR5C18;1322239913;9BD281B9JPYX92394        ;10425282004209;2025-08-08 07:39:13;A PAGAR;197.0;S:\Automacao\bot\LICENCIAMENTO\TESTE Lic Licenciamento 2025 - RENAVAM 1322239913.pdf;2025-08-08 07:39:33;A PAGAR;1;197.18;S:\Automacao\bot\MULTAS\MULTAS - 2025 - RENAVAM 1322239913.pdf
RRR5C78;1322241519;9BD281B9JPYX92584        ;10425282004209;2025-08-08 07:41:57;A PAGAR;322.0;S:\Automacao\bot\LICENCIAMENTO\TESTE Lic Licenciamento 2025 - RENAVAM 1322241519.pdf;2025-08-08 07:42:17;A PAGAR;1;322.54;S:\Automacao\bot\MULTAS\MULTAS - 2025 - RENAVAM 1322241519.pdf
RRS5A48;1325134136;9BWJL45U5PP022808        ;10425282004209;2025-08-08 07:44:59;QUITADO;32.0;S:\Automacao\bot\LICENCIAMENTO\TESTE Lic Licenciamento 2025 - RENAVAM 1325134136.pdf;2025-08-08 07:45:19;A PAGAR;1;234.78;S:\Automacao\bot\MULTAS\MULTAS - 2025 - RENAVAM 1325134136.pdf
RRN8A98;1302874320;8AJDA3CD5N1826213        ;10425282003814;2025-08-08 08:00:24;QUITADO;189.34;C:\BOT\LICENCIAMENTO\Lic Licenciamento 2025 - RENAVAM 1302874320.pdf;2025-08-08 08:00:51;A PAGAR;1;104.13;S:\Automacao\bot\MULTAS\MULTAS - 2025 - RENAVAM 1302874320.pdf
RRR5C68;1322240911;9BD281B9JPYX92581        ;10425282004209;2025-08-08 08:33:06;A PAGAR;395.0;S:\Automacao\bot\LICENCIAMENTO\TESTE Lic Licenciamento 2025 - RENAVAM 1322240911.pdf;2025-08-08 08:33:27;A PAGAR;2;395.81;S:\Automacao\bot\MULTAS\MULTAS - 2025 - RENAVAM 1322240911.pdf
RAT2A68;1250570538;9BVRG10D3ME893135        ;10425282004624;2025-08-08 08:38:25;A PAGAR;32.0;S:\Automacao\bot\LICENCIAMENTO\TESTE Lic Licenciamento 2025 - RENAVAM 1250570538.pdf;2025-08-08 08:38:28;SEM DEBITOS;0;;
QBI5A28;1102470365;9C2KD1000GR037314        ;10425282003652;2025-08-08 08:47:21;A PAGAR;189.0;S:\Automacao\bot\LICENCIAMENTO\TESTE Lic Licenciamento 2025 - RENAVAM 1102470365.pdf;2025-08-08 08:47:23;SEM DEBITOS;0;;
PCX3G08;1185627682;SALWA2BK6KA418652        ;10425282004209;2025-08-08 08:56:06;QUITADO;189.34;C:\BOT\LICENCIAMENTO\Lic Licenciamento 2025 - RENAVAM 1185627682.pdf;2025-08-08 08:56:31;A PAGAR;4;974.41;S:\Automacao\bot\MULTAS\MULTAS - 2025 - RENAVAM 1185627682.pdf
RRN6E58;1302794970;8AJDA3CD6N1826348        ;10425282004209;2025-08-08 09:20:04;A PAGAR;391.0;S:\Automacao\bot\LICENCIAMENTO\TESTE Lic Licenciamento 2025 - RENAVAM 1302794970.pdf;2025-08-08 09:20:25;A PAGAR;2;391.78;S:\Automacao\bot\MULTAS\MULTAS - 2025 - RENAVAM 1302794970.pdf
RRN8A78;1302873510;8AJDA3CD8N1826450        ;10425282003490;2025-08-08 09:23:41;A PAGAR;134.0;S:\Automacao\bot\LICENCIAMENTO\TESTE Lic Licenciamento 2025 - RENAVAM 1302873510.pdf;2025-08-08 09:24:01;A PAGAR;1;134.37;S:\Automacao\bot\MULTAS\MULTAS - 2025 - RENAVAM 1302873510.pdf
RAO4J78;1238694230;WV1DB42H2LA020230        ;10425282004209;2025-08-08 09:27:09;A PAGAR;435.0;S:\Automacao\bot\LICENCIAMENTO\TESTE Lic Licenciamento 2025 - RENAVAM 1238694230.pdf;2025-08-08 09:27:34;A PAGAR;4;643.57;S:\Automacao\bot\MULTAS\MULTAS - 2025 - RENAVAM 1238694230.pdf
SPI6B08;1398605490;9BVRT60D9RE605445        ;10425282003652;2025-08-08 09:34:15;A PAGAR;197.0;S:\Automacao\bot\LICENCIAMENTO\TESTE Lic Licenciamento 2025 - RENAVAM 1398605490.pdf;2025-08-08 09:34:36;A PAGAR;1;197.18;S:\Automacao\bot\MULTAS\MULTAS - 2025 - RENAVAM 1398605490.pdf
SPI6B58;1398607280;9BVRT60D8RE605854        ;10425282003652;2025-08-08 09:35:28;QUITADO;189.34;C:\BOT\LICENCIAMENTO\Lic Licenciamento 2025 - RENAVAM 1398607280.pdf;2025-08-08 09:35:48;A PAGAR;1;234.78;S:\Automacao\bot\MULTAS\MULTAS - 2025 - RENAVAM 1398607280.pdf
SPI9D78;1398731240;9BVRT60D1RE605966        ;10425282003652;2025-08-08 09:37:36;QUITADO;189.34;C:\BOT\LICENCIAMENTO\Lic Licenciamento 2025 - RENAVAM 1398731240.pdf;2025-08-08 09:37:57;A PAGAR;2;260.31;S:\Automacao\bot\MULTAS\MULTAS - 2025 - RENAVAM 1398731240.pdf
SPI9D98;1398732220;9BVRT60D8RE605517        ;10425282003652;2025-08-08 09:38:48;QUITADO;189.34;C:\BOT\LICENCIAMENTO\Lic Licenciamento 2025 - RENAVAM 1398732220.pdf;2025-08-08 09:39:08;A PAGAR;1;104.13;S:\Automacao\bot\MULTAS\MULTAS - 2025 - RENAVAM 1398732220.pdf
SPI9E88;1398733480;9BVRT60D5RE605665        ;10425282003652;2025-08-08 09:42:00;A PAGAR;197.0;S:\Automacao\bot\LICENCIAMENTO\TESTE Lic Licenciamento 2025 - RENAVAM 1398733480.pdf;2025-08-08 09:42:20;A PAGAR;1;197.18;S:\Automacao\bot\MULTAS\MULTAS - 2025 - RENAVAM 1398733480.pdf
OAY3078;429969384;LZZ5CLSB7BA641009        ;10425282004209;2025-08-08 09:49:56;A PAGAR;161.0;S:\Automacao\bot\LICENCIAMENTO\TESTE Lic Licenciamento 2025 - RENAVAM 429969384.pdf;2025-08-08 09:49:58;SEM DEBITOS;0;;
SPI9F48;1398734443;9BVRT60DXRE605770        ;10425282003652;2025-08-08 09:53:57;A PAGAR;197.0;S:\Automacao\bot\LICENCIAMENTO\TESTE Lic Licenciamento 2025 - RENAVAM 1398734443.pdf;2025-08-08 09:54:17;A PAGAR;1;197.18;S:\Automacao\bot\MULTAS\MULTAS - 2025 - RENAVAM 1398734443.pdf
SPI9G38;1398735270;9BVRT60D6RE605857        ;10425282003652;2025-08-08 09:56:17;A PAGAR;197.0;S:\Automacao\bot\LICENCIAMENTO\TESTE Lic Licenciamento 2025 - RENAVAM 1398735270.pdf;2025-08-08 09:56:38;A PAGAR;2;353.36;S:\Automacao\bot\MULTAS\MULTAS - 2025 - RENAVAM 1398735270.pdf
RRV2H78;1331423098;9882261RPPKE97459        ;10425282003229;2025-08-08 10:07:30;A PAGAR;189.0;S:\Automacao\bot\LICENCIAMENTO\TESTE Lic Licenciamento 2025 - RENAVAM 1331423098.pdf;2025-08-08 10:07:33;SEM DEBITOS;0;;
SPR1E38;1407935671;9BD341ACSSY997175        ;10425282004209;2025-08-08 10:23:11;A PAGAR;2.61;S:\Automacao\bot\LICENCIAMENTO\TESTE Lic Licenciamento 2025 - RENAVAM 1407935671.pdf;2025-08-08 10:22:45;SEM DEBITOS;0;;
SPR1E48;1407936066;9BD341ACSSY997187        ;10425282004209;2025-08-08 10:24:49;QUITADO;189.34;C:\BOT\LICENCIAMENTO\Lic Licenciamento 2025 - RENAVAM 1407936066.pdf;2025-08-08 10:25:09;A PAGAR;1;104.13;S:\Automacao\bot\MULTAS\MULTAS - 2025 - RENAVAM 1407936066.pdf
SPR1F18;1407937950;9BD341ACSSY997185        ;10425282004209;2025-08-08 10:26:08;QUITADO;189.34;C:\BOT\LICENCIAMENTO\Lic Licenciamento 2025 - RENAVAM 1407937950.pdf;2025-08-08 10:26:28;A PAGAR;1;234.78;S:\Automacao\bot\MULTAS\MULTAS - 2025 - RENAVAM 1407937950.pdf
NUE0E78;229125840;93KP0E0A0AE123185        ;10425282004896;2025-08-08 10:29:29;A PAGAR;32.0;S:\Automacao\bot\LICENCIAMENTO\TESTE Lic Licenciamento 2025 - RENAVAM 229125840.pdf;2025-08-08 10:29:31;SEM DEBITOS;0;;
CYN7738;754317846;9BFXTNAF61DB04243        ;10425282004896;2025-08-08 10:44:18;A PAGAR;189.0;S:\Automacao\bot\LICENCIAMENTO\TESTE Lic Licenciamento 2025 - RENAVAM 754317846.pdf;2025-08-08 10:44:20;SEM DEBITOS;0;;
CZC3938;800331583;9BM38407338328401        ;10425282004705;2025-08-08 10:47:18;A PAGAR;189.0;S:\Automacao\bot\LICENCIAMENTO\TESTE Lic Licenciamento 2025 - RENAVAM 800331583.pdf;2025-08-08 10:47:20;SEM DEBITOS;0;;
SPP2A78;1406469863;9A92C1440SCAD9100        ;10425282003229;2025-08-08 11:56:41;QUITADO;189.34;C:\BOT\LICENCIAMENTO\Lic Licenciamento 2025 - RENAVAM 1406469863.pdf;2025-08-08 11:57:03;A PAGAR;3;312.39;S:\Automacao\bot\MULTAS\MULTAS - 2025 - RENAVAM 1406469863.pdf
SPQ5H38;1407536300;979RCN252RG0R3018        ;10425282005191;2025-08-08 11:58:13;A PAGAR;189.0;S:\Automacao\bot\LICENCIAMENTO\TESTE Lic Licenciamento 2025 - RENAVAM 1407536300.pdf;2025-08-08 11:58:15;SEM DEBITOS;0;;
RRS5A28;1325133482;9BWJL45U5PP021223        ;10425282004209;2025-08-08 12:02:15;A PAGAR;450.0;S:\Automacao\bot\LICENCIAMENTO\TESTE Lic Licenciamento 2025 - RENAVAM 1325133482.pdf;2025-08-08 12:02:36;A PAGAR;2;450.77;S:\Automacao\bot\MULTAS\MULTAS - 2025 - RENAVAM 1325133482.pdf
RRR5B98;1322239565;9BD281B9JPYX92393        ;10425282004209;2025-08-08 12:27:41;QUITADO;189.34;C:\BOT\LICENCIAMENTO\Lic Licenciamento 2025 - RENAVAM 1322239565.pdf;2025-08-08 12:28:01;A PAGAR;1;312.37;S:\Automacao\bot\MULTAS\MULTAS - 2025 - RENAVAM 1322239565.pdf
QCB8A98;1130140781;9C2KD1000HR100012        ;10425282004209;2025-08-08 12:38:32;A PAGAR;189.0;S:\Automacao\bot\LICENCIAMENTO\TESTE Lic Licenciamento 2025 - RENAVAM 1130140781.pdf;2025-08-08 12:38:34;SEM DEBITOS;0;;
QCI6B98;1207918269;9BVRG40D8LE875407        ;10425282003652;2025-08-08 12:40:41;A PAGAR;32.0;S:\Automacao\bot\LICENCIAMENTO\TESTE Lic Licenciamento 2025 - RENAVAM 1207918269.pdf;2025-08-08 12:40:43;SEM DEBITOS;0;;
RRN8B68;1302877183;8AJDA3CD0N1826423        ;10425282003733;2025-08-08 12:48:33;A PAGAR;929.0;S:\Automacao\bot\LICENCIAMENTO\TESTE Lic Licenciamento 2025 - RENAVAM 1302877183.pdf;2025-08-08 12:48:54;A PAGAR;2;929.66;S:\Automacao\bot\MULTAS\MULTAS - 2025 - RENAVAM 1302877183.pdf
RRN8B88;1302878180;8AJDA3CD2N1826380        ;10425282003814;2025-08-08 12:50:00;A PAGAR;892.0;S:\Automacao\bot\LICENCIAMENTO\TESTE Lic Licenciamento 2025 - RENAVAM 1302878180.pdf;2025-08-08 12:50:21;A PAGAR;2;892.42;S:\Automacao\bot\MULTAS\MULTAS - 2025 - RENAVAM 1302878180.pdf
SPL0G28;1399138364;93KP0Y1C3RE197587        ;10425282004209;2025-08-08 12:54:48;QUITADO;189.34;C:\BOT\LICENCIAMENTO\Lic Licenciamento 2025 - RENAVAM 1399138364.pdf;2025-08-08 12:55:08;A PAGAR;2;704.33;S:\Automacao\bot\MULTAS\MULTAS - 2025 - RENAVAM 1399138364.pdf
EWJ1E28;587285648;9BM958074DB936431        ;10425282004209;2025-08-08 13:05:20;A PAGAR;157.0;S:\Automacao\bot\LICENCIAMENTO\TESTE Lic Licenciamento 2025 - RENAVAM 587285648.pdf;2025-08-08 13:05:43;A PAGAR;1;157.99;S:\Automacao\bot\MULTAS\MULTAS - 2025 - RENAVAM 587285648.pdf
