PLACA;RENAVAM;CHASSIS;NUM_DOCUMENTO;DT_ULT_CONSULTA_DETRAN;STATUS_LICENCIAMENTO;DT_ULT_CONSULTA_MULTAS;STATUS_MULTAS
KAS9691;192274236;94BB0843AAR012074        ;10425282004896;2025-09-02 17:06:12;ERRO - invalid-input-response;2025-09-02 17:06:12;ERRO-captcha
OAR1521;992175895;9A9A1502DDSEN3102        ;10425282003490;2025-09-02 07:53:41;ERRO - invalid-input-response;2025-09-02 07:53:41;ERRO-captcha
RAV2H81;1288396519;97TRBD442N2001808        ;10425282006597;2025-09-02 07:54:22;ERRO - invalid-input-response;2025-09-02 07:54:22;ERRO-captcha
MGE8621;0;9A9V1363071AU3004        ;10425282003814;2025-09-02 07:55:47;ERRO - invalid-input-response;2025-09-02 07:55:47;ERRO-captcha
NUD3A11;451903196;955B0902CCS349117        ;10425282003490;2025-09-02 07:56:29;ERRO - invalid-input-response;2025-09-02 07:56:29;ERRO-captcha
QCG5F61;1180136931;9BVRG40D1KE863280        ;10425282003229;2025-09-02 07:57:13;ERRO - invalid-input-response;2025-09-02 07:57:13;ERRO-captcha
OBG9E21;506209601;9EP071230D1001870        ;10425282000122;2025-09-02 07:57:55;ERRO - invalid-input-response;2025-09-02 07:57:55;ERRO-captcha
QBJ6G01;1039180563;9533G8242ER439433        ;10425282003652;2025-09-02 07:58:38;ERRO - invalid-input-response;2025-09-02 07:58:38;ERRO-captcha
OBG2I71;506040917;9EP071230D1001557        ;10425282000122;2025-09-02 07:59:20;ERRO - invalid-input-response;2025-09-02 07:59:20;ERRO-captcha
RAV2H41;1288395008;97TD0N412N2006517        ;10425282006597;2025-09-02 08:00:02;ERRO - invalid-input-response;2025-09-02 08:00:02;ERRO-captcha
OBG9D71;506209490;9EP071230D1001305        ;10425282000122;2025-09-02 08:00:45;ERRO - invalid-input-response;2025-09-02 08:00:45;ERRO-captcha
NUE6E81;453289991;955B0902CCS349308        ;10425282003490;2025-09-02 08:01:26;ERRO - invalid-input-response;2025-09-02 08:01:26;ERRO-captcha
QBD1681;1078371943;9C2KD1000GR011106        ;10425282003571;2025-09-02 08:02:09;ERRO - invalid-input-response;2025-09-02 08:02:09;ERRO-captcha
RAL1B51;1223219248;8AJDA3CD8L1813047        ;10425282003229;2025-09-02 08:02:50;ERRO - invalid-input-response;2025-09-02 08:02:50;ERRO-captcha
JYB6331;616276869;9A9V11930P1AV8699        ;10425282004896;2025-09-02 08:03:32;ERRO - invalid-input-response;2025-09-02 08:03:32;ERRO-captcha
OBG5J61;506138488;9EP071230D1001520        ;10425282000122;2025-09-02 08:04:13;ERRO - invalid-input-response;2025-09-02 08:04:13;ERRO-captcha
OBB5I01;504311727;9A9BD1742DCDJ5377        ;10425282000122;2025-09-02 08:04:58;ERRO - invalid-input-response;2025-09-02 08:04:58;ERRO-captcha
QBT4121;1109421190;9533172S0ER427114        ;10425282004209;2025-09-02 08:05:40;ERRO - invalid-input-response;2025-09-02 08:05:40;ERRO-captcha
BWS8551;243859317;34540712003406           ;10425282004896;2025-09-02 08:07:45;ERRO - invalid-input-response;2025-09-02 08:07:45;ERRO-captcha
LSW7E91;1113132679;9BM384078HB048132        ;10425282005868;2025-09-02 08:08:26;ERRO - invalid-input-response;2025-09-02 08:08:26;ERRO-captcha
OBB5C31;504309960;94BL0262CDR002385        ;10425282000122;2025-09-02 08:09:07;ERRO - invalid-input-response;2025-09-02 08:09:07;ERRO-captcha
OBG4H11;506109020;9EP071230D1001552        ;10425282000122;2025-09-02 08:09:49;ERRO - invalid-input-response;2025-09-02 08:09:49;ERRO-captcha
OBG5G21;506003167;9EP071230D1001285        ;10425282000122;2025-09-02 08:10:31;ERRO - invalid-input-response;2025-09-02 08:10:31;ERRO-captcha
OBH6J11;506414450;9A9S3GRS5D1AH8046        ;10425282000122;2025-09-02 08:11:12;ERRO - invalid-input-response;2025-09-02 08:11:12;ERRO-captcha
RAV5B61;1288500529;97TRBD442N2001811        ;10425282003571;2025-09-02 08:11:56;ERRO - invalid-input-response;2025-09-02 08:11:56;ERRO-captcha
RAV2J91;1288403280;97T0BN422N2008735        ;10425282003733;2025-09-02 08:12:38;ERRO - invalid-input-response;2025-09-02 08:12:38;ERRO-captcha
QCP3721;1140792420;9A9R4CBS7J1AH8024        ;10425282002095;2025-09-02 08:13:20;ERRO - invalid-input-response;2025-09-02 08:13:20;ERRO-captcha
EGS1711;116164433;9BSP8X40093639907        ;10425282003652;2025-09-02 08:14:02;ERRO - invalid-input-response;2025-09-02 08:14:02;ERRO-captcha
GBE8H71;1170522944;9BM979277KB097966        ;10425282004209;2025-09-02 08:14:43;ERRO - invalid-input-response;2025-09-02 08:14:43;ERRO-captcha
QCD8001;1178545340;9C2KD0810KR013801        ;10425282004209;2025-09-02 08:15:24;ERRO - invalid-input-response;2025-09-02 08:15:24;ERRO-captcha
QCD8A31;1178546184;9C2KD0810KR013840        ;10425282004209;2025-09-02 08:16:06;ERRO - invalid-input-response;2025-09-02 08:16:06;ERRO-captcha
QCD8061;1178547237;9C2KD0810KR013895        ;10425282004209;2025-09-02 08:16:48;ERRO - invalid-input-response;2025-09-02 08:16:48;ERRO-captcha
QCE6J91;1179170935;9ADG0933KKM436225        ;10425282003229;2025-09-02 08:17:30;ERRO - invalid-input-response;2025-09-02 08:17:30;ERRO-captcha
QCE7A11;1179171877;9ADG1133KKM436244        ;10425282003229;2025-09-02 08:18:12;ERRO - invalid-input-response;2025-09-02 08:18:12;ERRO-captcha
QCE7A61;1179173080;9ADG1133KKM436258        ;10425282003229;2025-09-02 08:18:57;ERRO - invalid-input-response;2025-09-02 08:18:57;ERRO-captcha
QCF0E41;1179369570;9ADG0933KKM436213        ;10425282003490;2025-09-02 08:19:39;ERRO - invalid-input-response;2025-09-02 08:19:39;ERRO-captcha
QCF2871;1179514073;3C6DFVBK8JE142897        ;10425282003229;2025-09-02 08:20:21;ERRO - invalid-input-response;2025-09-02 08:20:21;ERRO-captcha
QCG5A81;1180121080;9BVRG40D2KE863279        ;10425282003229;2025-09-02 08:21:03;ERRO - invalid-input-response;2025-09-02 08:21:03;ERRO-captcha
QCG5B81;1180122922;9BVRG40D1KE863544        ;10425282003490;2025-09-02 08:21:44;ERRO - invalid-input-response;2025-09-02 08:21:44;ERRO-captcha
QCG5F41;1180123333;9BVRG40D2KE863548        ;10425282003490;2025-09-02 08:22:26;ERRO - invalid-input-response;2025-09-02 08:22:26;ERRO-captcha
QCG5F11;1180134610;9ADG0933KKM436231        ;10425282003490;2025-09-02 08:23:08;ERRO - invalid-input-response;2025-09-02 08:23:08;ERRO-captcha
QCL1E81;1186242407;9ADG0933KKM436239        ;10425282003229;2025-09-02 08:23:49;ERRO - invalid-input-response;2025-09-02 08:23:49;ERRO-captcha
OBB5641;504311212;94BL0262CDR002399        ;10425282000122;2025-09-02 08:28:47;ERRO - invalid-input-response;2025-09-02 08:28:47;ERRO-captcha
OBB5G71;504311328;94BL0262CDR002400        ;10425282000122;2025-09-02 08:29:28;ERRO - invalid-input-response;2025-09-02 08:29:28;ERRO-captcha
OBB5H11;504311492;94BL0262CDR002403        ;10425282000122;2025-09-02 08:30:09;ERRO - invalid-input-response;2025-09-02 08:30:09;ERRO-captcha
OBB5H21;504311522;94BL0262CDR002404        ;10425282000122;2025-09-02 08:30:52;ERRO - invalid-input-response;2025-09-02 08:30:52;ERRO-captcha
OBB5J81;504312103;9A9BT1742DCDJ5376        ;10425282000122;2025-09-02 08:31:33;ERRO - invalid-input-response;2025-09-02 08:31:33;ERRO-captcha
OBH0E51;506222721;9A9S3GRS1D1AH8013        ;10425282000122;2025-09-02 08:32:15;ERRO - invalid-input-response;2025-09-02 08:32:15;ERRO-captcha
OBH6G91;506225372;9A9S3GRSWD1AH8018        ;10425282000122;2025-09-02 08:32:58;ERRO - invalid-input-response;2025-09-02 08:32:58;ERRO-captcha
RRM4B51;1315115244;93KKSN0A3NE179594        ;10425282004209;2025-09-02 08:33:41;ERRO - invalid-input-response;2025-09-02 08:33:41;ERRO-captcha
RRY0B91;1356627754;93ZA1PMH0P8958759        ;10425282003652;2025-09-02 08:34:24;ERRO - invalid-input-response;2025-09-02 08:34:24;ERRO-captcha
OBH0B61;506217574;9A9S3GRS8D1AH8001        ;10425282000122;2025-09-02 08:35:06;ERRO - invalid-input-response;2025-09-02 08:35:06;ERRO-captcha
RAV3E31;1288422650;97TRBD442N2001789        ;10425282003814;2025-09-02 08:35:48;ERRO - invalid-input-response;2025-09-02 08:35:48;ERRO-captcha
QCD5F41;1178362784;9ADG1133KKM436210        ;10425282003229;2025-09-02 08:36:28;ERRO - invalid-input-response;2025-09-02 08:36:28;ERRO-captcha
OBB6C91;504318764;9A9DR1762DLDJ5172        ;10425282000122;2025-09-02 08:37:11;ERRO - invalid-input-response;2025-09-02 08:37:11;ERRO-captcha
RRY0C01;1356629552;8ATA01LF0PX121787        ;10425282003229;2025-09-02 08:37:52;ERRO - invalid-input-response;2025-09-02 08:37:52;ERRO-captcha
OBB5A81;504309358;9A9T0113CDSDJ5001        ;10425282000122;2025-09-02 08:38:34;ERRO - invalid-input-response;2025-09-02 08:38:34;ERRO-captcha
OBB5J71;504312081;9A9BT1742DCDJ5375        ;10425282000122;2025-09-02 08:39:17;ERRO - invalid-input-response;2025-09-02 08:39:17;ERRO-captcha
QCG5J91;1180155197;9BVRG40D9KE863329        ;10425282003229;2025-09-02 08:40:01;ERRO - invalid-input-response;2025-09-02 08:40:01;ERRO-captcha
QCP4241;1140809030;9A9R4CBSKJ1AH8026        ;10425282002095;2025-09-02 08:40:42;ERRO - invalid-input-response;2025-09-02 08:40:42;ERRO-captcha
DVT9161;967731763;9BM3840678B584149        ;10425282003229;2025-09-02 08:42:06;ERRO - invalid-input-response;2025-09-02 08:42:06;ERRO-captcha
OBG5D91;506123847;9EP071230D1001314        ;10425282000122;2025-09-02 08:42:49;ERRO - invalid-input-response;2025-09-02 08:42:49;ERRO-captcha
OBG9F81;506006050;9EP071230D1001867        ;10425282000122;2025-09-02 08:43:29;ERRO - invalid-input-response;2025-09-02 08:43:29;ERRO-captcha
OBH0C41;506219054;9A9S3GRS3D1AH8005        ;10425282000122;2025-09-02 08:44:11;ERRO - invalid-input-response;2025-09-02 08:44:11;ERRO-captcha
OBH0A21;506215997;9A9S3GRS0D1AH8030        ;10425282000122;2025-09-02 08:44:52;ERRO - invalid-input-response;2025-09-02 08:44:52;ERRO-captcha
QCO2E01;1140401723;9ADG0933HJM418314        ;10425282002095;2025-09-02 08:45:36;ERRO - invalid-input-response;2025-09-02 08:45:36;ERRO-captcha
QCF0H31;1179377009;9ADG0933KKM436241        ;10425282003490;2025-09-02 08:46:18;ERRO - invalid-input-response;2025-09-02 08:46:18;ERRO-captcha
OBG9D61;506209474;9EP071230D1001329        ;10425282000122;2025-09-02 08:47:00;ERRO - invalid-input-response;2025-09-02 08:47:00;ERRO-captcha
QCG5C91;1180124240;9ADG1133KKM436224        ;10425282003490;2025-09-02 08:47:44;ERRO - invalid-input-response;2025-09-02 08:47:44;ERRO-captcha
QCR3721;1141538439;9C2KD1000JR002919        ;10425282003733;2025-09-02 08:48:25;ERRO - invalid-input-response;2025-09-02 08:48:25;ERRO-captcha
OBG5G51;506129780;9EP071230D1001286        ;10425282000122;2025-09-02 08:49:07;ERRO - invalid-input-response;2025-09-02 08:49:07;ERRO-captcha
LOX4041;814105327;9BM3840733B347365        ;10425282003490;2025-09-02 08:50:33;ERRO - invalid-input-response;2025-09-02 08:50:33;ERRO-captcha
KYS8H11;1145921059;9BM979277JB086511        ;10425282004209;2025-09-02 08:51:15;ERRO - invalid-input-response;2025-09-02 08:51:15;ERRO-captcha
RAV3J91;1288448357;97TD0N412N2006492        ;10425282003490;2025-09-02 08:51:57;ERRO - invalid-input-response;2025-09-02 08:51:57;ERRO-captcha
OBH0F01;506223710;9A9S3GRSAD1AH8016        ;10425282000122;2025-09-02 08:52:40;ERRO - invalid-input-response;2025-09-02 08:52:40;ERRO-captcha
OBB5I31;504311832;9A9BD1742DCDJ5380        ;10425282000122;2025-09-02 08:53:24;ERRO - invalid-input-response;2025-09-02 08:53:24;ERRO-captcha
NUE6F11;453301452;955B0902CCS349314        ;10425282003490;2025-09-02 08:54:05;ERRO - invalid-input-response;2025-09-02 08:54:05;ERRO-captcha
OBH6J71;506103021;9EP071230D1001462        ;10425282000122;2025-09-02 08:54:49;ERRO - invalid-input-response;2025-09-02 08:54:49;ERRO-captcha
OBB6J11;504342614;9A9DR1762DLDJ5184        ;10425282000122;2025-09-02 08:55:31;ERRO - invalid-input-response;2025-09-02 08:55:31;ERRO-captcha
IMQ4021;862838282;9BM3840785B438318        ;10425282003490;2025-09-02 08:56:58;ERRO - invalid-input-response;2025-09-02 08:56:58;ERRO-captcha
OBB5B61;504309790;94BB0972CDR019291        ;10425282000122;2025-09-02 08:59:42;ERRO - invalid-input-response;2025-09-02 08:59:42;ERRO-captcha
NUE6F41;453302750;955B0902CCS349315        ;10425282003490;2025-09-02 09:00:26;ERRO - invalid-input-response;2025-09-02 09:00:26;ERRO-captcha
NJT7811;292587996;9A9S23DPSB1AH8370        ;10425282003229;2025-09-02 09:01:09;ERRO - invalid-input-response;2025-09-02 09:01:09;ERRO-captcha
QCF9731;1179832342;9A9R4CBS7K1AH8035        ;10425282002095;2025-09-02 09:01:51;ERRO - invalid-input-response;2025-09-02 09:01:51;ERRO-captcha
OBG5B41;506116778;9EP071230D1001523        ;10425282000122;2025-09-02 09:02:38;ERRO - invalid-input-response;2025-09-02 09:02:38;ERRO-captcha
QCG5F71;1180137113;9BVRG40D0KE863394        ;10425282003490;2025-09-02 09:03:18;ERRO - invalid-input-response;2025-09-02 09:03:18;ERRO-captcha
QBD1731;1078372001;9C2KD1000GR011826        ;10425282004209;2025-09-02 09:04:01;ERRO - invalid-input-response;2025-09-02 09:04:01;ERRO-captcha
OBG2I51;506040135;9EP071230D1001556        ;10425282000122;2025-09-02 09:04:44;ERRO - invalid-input-response;2025-09-02 09:04:44;ERRO-captcha
OBB5E11;504310631;94BL0262CDR002390        ;10425282000122;2025-09-02 09:05:26;ERRO - invalid-input-response;2025-09-02 09:05:26;ERRO-captcha
OBG5F81;506006239;9EP071230D1001296        ;10425282000122;2025-09-02 09:06:10;ERRO - invalid-input-response;2025-09-02 09:06:10;ERRO-captcha
JYB0291;615942903;9ADV12330PM103687        ;10425282004209;2025-09-02 09:06:55;ERRO - invalid-input-response;2025-09-02 09:06:55;ERRO-captcha
QBD1931;1078372036;9C2KD1000GR012310        ;10425282003733;2025-09-02 09:07:38;ERRO - invalid-input-response;2025-09-02 09:07:38;ERRO-captcha
QCO3F11;1140429490;9ADG1133HJM418353        ;10425282002095;2025-09-02 09:08:20;ERRO - invalid-input-response;2025-09-02 09:08:20;ERRO-captcha
OBG5F51;506127591;9EP071230D1001450        ;10425282000122;2025-09-02 09:09:04;ERRO - invalid-input-response;2025-09-02 09:09:04;ERRO-captcha
NUD3A91;451904915;955B0902CCS349120        ;10425282003490;2025-09-02 09:09:46;ERRO - invalid-input-response;2025-09-02 09:09:46;ERRO-captcha
OBG5E31;506004155;9EP071230D1001399        ;10425282000122;2025-09-02 09:10:33;ERRO - invalid-input-response;2025-09-02 09:10:33;ERRO-captcha
QCQ4561;1141172060;9C2KD1000JR002852        ;10425282003490;2025-09-02 09:11:16;ERRO - invalid-input-response;2025-09-02 09:11:16;ERRO-captcha
RAV2I91;1288400362;97T0BN442N2008736        ;10425282006597;2025-09-02 09:11:59;ERRO - invalid-input-response;2025-09-02 09:11:59;ERRO-captcha
JXZ7451;614286913;9BM386314PB983982        ;10425282004896;2025-09-02 09:14:04;ERRO - invalid-input-response;2025-09-02 09:14:04;ERRO-captcha
OBB6C21;504317822;9A9BT1742DCDJ5388        ;10425282000122;2025-09-02 09:14:44;ERRO - invalid-input-response;2025-09-02 09:14:44;ERRO-captcha
RAW4A31;1288942939;9C2KD0810NR162672        ;10425282003490;2025-09-02 09:15:26;ERRO - invalid-input-response;2025-09-02 09:15:26;ERRO-captcha
MGL6181;0;9A9V1363071AU3007        ;10425282008107;2025-09-02 09:16:08;ERRO - invalid-input-response;2025-09-02 09:16:08;ERRO-captcha
QCO3B81;1140428575;9ADG0933HJM418354        ;10425282002095;2025-09-02 09:16:48;ERRO - invalid-input-response;2025-09-02 09:16:48;ERRO-captcha
OBB5A71;504228986;9A9T0123CDSDJ5000        ;10425282000122;2025-09-02 09:17:30;ERRO - invalid-input-response;2025-09-02 09:17:30;ERRO-captcha
RAV3B11;1288405909;97TD0N412N2006510        ;10425282003733;2025-09-02 09:18:13;ERRO - invalid-input-response;2025-09-02 09:18:13;ERRO-captcha
RAV4I61;1288480625;97TD0N412N2006520        ;10425282003571;2025-09-02 09:18:56;ERRO - invalid-input-response;2025-09-02 09:18:56;ERRO-captcha
OBG4C81;506099202;9EP071230D1001318        ;10425282000122;2025-09-02 09:25:21;ERRO - invalid-input-response;2025-09-02 09:25:21;ERRO-captcha
NUF1E71;453525652;955M0602CCS349307        ;10425282003490;2025-09-02 09:35:25;ERRO - invalid-input-response;2025-09-02 09:35:25;ERRO-captcha
QCO3591;1140049906;9BM979026JB082849        ;10425282002095;2025-09-02 09:36:19;ERRO - invalid-input-response;2025-09-02 09:36:19;ERRO-captcha
QCO3D61;1140429148;9ADG1133HJM418325        ;10425282002095;2025-09-02 09:37:02;ERRO - invalid-input-response;2025-09-02 09:37:02;ERRO-captcha
QCG6A01;1180155766;9BVRG40D7KE863282        ;10425282003229;2025-09-02 09:37:46;ERRO - invalid-input-response;2025-09-02 09:37:46;ERRO-captcha
RAZ4E41;1290113260;97TRBD442N2001846        ;10425282004624;2025-09-02 09:38:28;ERRO - invalid-input-response;2025-09-02 09:38:28;ERRO-captcha
RAZ4E51;1290113588;97TD0N412N2006563        ;10425282004624;2025-09-02 09:39:08;ERRO - invalid-input-response;2025-09-02 09:39:08;ERRO-captcha
RRI0H91;1290334258;9C2KD0810NR165519        ;10425282003490;2025-09-02 09:39:52;ERRO - invalid-input-response;2025-09-02 09:39:52;ERRO-captcha
RRM2F61;1302113477;93KKSN0A5NE178776        ;10425282004209;2025-09-02 09:40:35;ERRO - invalid-input-response;2025-09-02 09:40:35;ERRO-captcha
RRM7J81;1321099638;9D8CAB133N1000360        ;10425282003229;2025-09-02 09:41:18;ERRO - invalid-input-response;2025-09-02 09:41:18;ERRO-captcha
RRP3C61;1339759354;9C2KD0810PR225178        ;10425282006597;2025-09-02 09:41:59;ERRO - invalid-input-response;2025-09-02 09:41:59;ERRO-captcha
RRQ8A81;1340313917;9C2KD0810PR056607        ;10425282006759;2025-09-02 09:42:41;ERRO - invalid-input-response;2025-09-02 09:42:41;ERRO-captcha
RRY0A01;1355607148;93ZA1PMH0P8958577        ;10425282004624;2025-09-02 09:43:23;ERRO - invalid-input-response;2025-09-02 09:43:23;ERRO-captcha
RRY0C51;1356921377;8ATA01LF0PX121508        ;10425282003652;2025-09-02 09:44:08;ERRO - invalid-input-response;2025-09-02 09:44:08;ERRO-captcha
RRY0D61;1357747982;93ZA1PMH0P8958794        ;10425282003652;2025-09-02 09:44:50;ERRO - invalid-input-response;2025-09-02 09:44:50;ERRO-captcha
SVW6E21;1366062024;9C2KD0810RR022583        ;10425282004209;2025-09-02 09:45:34;ERRO - invalid-input-response;2025-09-02 09:45:34;ERRO-captcha
SPJ9F71;1395351446;9BD281AJHRYF41941        ;10425282003229;2025-09-02 09:46:19;ERRO - invalid-input-response;2025-09-02 09:46:19;ERRO-captcha
QCD8101;1178547660;9C2KD0810KR013898        ;10425282004209;2025-09-02 09:47:05;ERRO - invalid-input-response;2025-09-02 09:47:05;ERRO-captcha
RAV4A01;1288448551;97TRBD442N2001784        ;10425282003490;2025-09-02 09:47:48;ERRO - invalid-input-response;2025-09-02 09:47:48;ERRO-captcha
OBG4I31;506111067;9EP071230D1001294        ;10425282000122;2025-09-02 09:48:32;ERRO - invalid-input-response;2025-09-02 09:48:32;ERRO-captcha
QCG5B01;1180122370;9BVRG40D9KE863420        ;10425282003490;2025-09-02 09:49:17;ERRO - invalid-input-response;2025-09-02 09:49:17;ERRO-captcha
NUG4D21;453867669;955M0602CCS349348        ;10425282003490;2025-09-02 09:50:01;ERRO - invalid-input-response;2025-09-02 09:50:01;ERRO-captcha
SPM3C51;1397538705;9BVRT60D7RE604750        ;10425282003490;2025-09-02 09:50:42;ERRO - invalid-input-response;2025-09-02 09:50:42;ERRO-captcha
RAV3J51;1288447733;97TD0N412N2006493        ;10425282003490;2025-09-02 09:51:25;ERRO - invalid-input-response;2025-09-02 09:51:25;ERRO-captcha
OBG4H91;506110206;9EP071230D1001511        ;10425282000122;2025-09-02 09:52:08;ERRO - invalid-input-response;2025-09-02 09:52:08;ERRO-captcha
OBB5H41;504311549;94BL0262CDR002405        ;10425282000122;2025-09-02 09:52:49;ERRO - invalid-input-response;2025-09-02 09:52:49;ERRO-captcha
SVC5B01;1368483221;9C2KD0810RR025218        ;10425282004209;2025-09-02 09:54:01;ERRO - invalid-input-response;2025-09-02 09:54:01;ERRO-captcha
QCE7A81;1179174060;9ADG0933KKM436257        ;10425282003229;2025-09-02 09:54:56;ERRO - invalid-input-response;2025-09-02 09:54:56;ERRO-captcha
RAV2J31;1288401121;97TRBD442N2001805        ;10425282006597;2025-09-02 09:55:40;ERRO - invalid-input-response;2025-09-02 09:55:40;ERRO-captcha
OBG5A41;506114678;9EP071230D1001316        ;10425282000122;2025-09-02 09:56:24;ERRO - invalid-input-response;2025-09-02 09:56:24;ERRO-captcha
OBG6A01;506140032;9EP071230D1001304        ;10425282000122;2025-09-02 09:57:06;ERRO - invalid-input-response;2025-09-02 09:57:06;ERRO-captcha
OBH0A81;506216683;9A9S3GRS9D1AH8033        ;10425282000122;2025-09-02 10:01:53;ERRO - invalid-input-response;2025-09-02 10:01:53;ERRO-captcha
NUF1H71;453534589;955M0602CCS349310        ;10425282003490;2025-09-02 10:02:36;ERRO - invalid-input-response;2025-09-02 10:02:36;ERRO-captcha
OBG3A71;506010082;9EP071230D1001323        ;10425282000122;2025-09-02 10:03:48;ERRO - invalid-input-response;2025-09-02 10:03:48;ERRO-captcha
OBG2G11;506032728;9EP071230D1001354        ;10425282000122;2025-09-02 10:04:32;ERRO - invalid-input-response;2025-09-02 10:04:32;ERRO-captcha
MGL6191;0;9A9V1363071AU3002        ;10425282008107;2025-08-10 09:40:01;ERRO - N/ emplacado base local;2025-08-10 09:40:01;ERRO-baseLoc
QCG5C11;1180123511;9ADG0933KKM436223        ;10425282003490;2025-09-02 10:07:39;ERRO - invalid-input-response;2025-09-02 10:07:39;ERRO-captcha
QCO3E61;1140429415;9ADG1133HJM417116        ;10425282002095;2025-09-02 10:08:21;ERRO - invalid-input-response;2025-09-02 10:08:21;ERRO-captcha
OBB5571;504310992;94BL0262CDR002396        ;10425282000122;2025-09-02 10:09:04;ERRO - invalid-input-response;2025-09-02 10:09:04;ERRO-captcha
ICP6561;590466704;9BM384098JB829073        ;10425282004896;2025-09-02 10:10:23;ERRO - invalid-input-response;2025-09-02 10:10:23;ERRO-captcha
RAV4A21;1288448977;97TD0N412N2006491        ;10425282003490;2025-09-02 10:11:04;ERRO - invalid-input-response;2025-09-02 10:11:04;ERRO-captcha
RAV3D81;1288422145;97T0BN422N2008715        ;10425282003814;2025-09-02 10:11:46;ERRO - invalid-input-response;2025-09-02 10:11:46;ERRO-captcha
NPM9561;334964318;9A9R21DPXB1AH8562        ;10425282004624;2025-09-02 10:13:20;ERRO - invalid-input-response;2025-09-02 10:13:20;ERRO-captcha
OBH6H41;506212491;9A9S3GRSRD1AH8026        ;10425282000122;2025-09-02 10:14:02;ERRO - invalid-input-response;2025-09-02 10:14:02;ERRO-captcha
QCD5F61;1178363136;9ADG1133KKM436238        ;10425282003229;2025-09-02 10:15:33;ERRO - invalid-input-response;2025-09-02 10:15:33;ERRO-captcha
RRM8A11;1321105085;9D8CAB153N1000361        ;10425282003490;2025-09-02 10:16:24;ERRO - invalid-input-response;2025-09-02 10:16:24;ERRO-captcha
OBG5G01;506128709;9EP071230D1001508        ;10425282000122;2025-09-02 10:17:30;ERRO - invalid-input-response;2025-09-02 10:17:30;ERRO-captcha
APU5811;955935938;9EP09102081001036        ;10425282003490;2025-09-02 10:18:32;ERRO - invalid-input-response;2025-09-02 10:18:32;ERRO-captcha
NJV8871;298244071;9BFVCAC92BBB74245        ;10425282004896;2025-09-02 10:19:24;ERRO - invalid-input-response;2025-09-02 10:19:24;ERRO-captcha
EIM7E01;307083535;9BFYCE6U1BBB66383        ;10425282003652;2025-09-02 10:20:06;ERRO - invalid-input-response;2025-09-02 10:20:06;ERRO-captcha
NPL4I61;310848296;93KK0E0D1AE123300        ;10425282000122;2025-09-02 10:20:48;ERRO - invalid-input-response;2025-09-02 10:20:48;ERRO-captcha
OBA4D51;459953885;9BM693298CB825255        ;10425282005949;2025-09-02 10:21:29;ERRO - invalid-input-response;2025-09-02 10:21:29;ERRO-captcha
OBA4D71;463546903;9BM693298CB843122        ;10425282005949;2025-09-02 10:22:11;ERRO - invalid-input-response;2025-09-02 10:22:11;ERRO-captcha
SPN8A81;1413129304;9BVRT60D7RE609730        ;10425282003733;2025-09-02 10:22:53;ERRO - invalid-input-response;2025-09-02 10:22:53;ERRO-captcha
SPN8B11;1413130221;9BVRT60D4RE609659        ;10425282003733;2025-09-02 10:23:34;ERRO - invalid-input-response;2025-09-02 10:23:34;ERRO-captcha
SPN8B41;1413130973;9BVRT60D3RE609660        ;10425282003733;2025-09-02 10:24:16;ERRO - invalid-input-response;2025-09-02 10:24:16;ERRO-captcha
SPN8B91;1413131562;9BVRT60D1RE609851        ;10425282003733;2025-09-02 10:24:58;ERRO - invalid-input-response;2025-09-02 10:24:58;ERRO-captcha
QBD1721;1078371994;9C2KD1000GR011810        ;10425282004209;2025-09-02 10:25:40;ERRO - invalid-input-response;2025-09-02 10:25:40;ERRO-captcha
QBW2E31;1110635289;9C2KD1000HR011881        ;10425282003490;2025-09-02 10:26:24;ERRO - invalid-input-response;2025-09-02 10:26:24;ERRO-captcha
QBW2481;1110635467;9C2KD1000HR011929        ;10425282003490;2025-09-02 10:27:08;ERRO - invalid-input-response;2025-09-02 10:27:08;ERRO-captcha
KRU8A91;1113133730;9BM384078HB048169        ;10425282004209;2025-09-02 10:27:48;ERRO - invalid-input-response;2025-09-02 10:27:48;ERRO-captcha
QCO3F61;1140049876;9BM979026JB083575        ;10425282002095;2025-09-02 10:28:32;ERRO - invalid-input-response;2025-09-02 10:28:32;ERRO-captcha
QCQ4651;1141173490;9C2KD1000JR002883        ;10425282004624;2025-09-02 10:29:13;ERRO - invalid-input-response;2025-09-02 10:29:13;ERRO-captcha
RAP5J81;1254584193;9BM958443MB201828        ;10425282003652;2025-09-02 10:39:02;ERRO - invalid-input-response;2025-09-02 10:39:02;ERRO-captcha
RAP6A11;1254584622;9BM958443MB207146        ;10425282003652;2025-09-02 10:39:45;ERRO - invalid-input-response;2025-09-02 10:39:45;ERRO-captcha
RAP6A21;1254584932;9BM958443MB200952        ;10425282003652;2025-09-02 10:40:27;ERRO - invalid-input-response;2025-09-02 10:40:27;ERRO-captcha
RAP7F11;1254746916;9BM979028MB205299        ;10425282005868;2025-09-02 10:41:11;ERRO - invalid-input-response;2025-09-02 10:41:11;ERRO-captcha
RAU8C01;1288160221;9C2KD0810NR158813        ;10425282004039;2025-09-02 10:41:52;ERRO - invalid-input-response;2025-09-02 10:41:52;ERRO-captcha
RAU8C11;1288160744;9C2KD0810NR158569        ;10425282004381;2025-09-02 10:42:35;ERRO - invalid-input-response;2025-09-02 10:42:35;ERRO-captcha
RAV5B51;1288502726;9C2KD0810NR159431        ;10425282006830;2025-09-02 10:43:16;ERRO - invalid-input-response;2025-09-02 10:43:16;ERRO-captcha
OBR6G11;1034575195;93ZM1RGH0E8924619        ;10425282000122;2025-09-02 10:58:04;ERRO - invalid-input-response;2025-09-02 10:58:04;ERRO-captcha
QBA1501;1035983750;93ZM1RGH0D8923977        ;10425282000122;2025-09-02 10:58:46;ERRO - invalid-input-response;2025-09-02 10:58:46;ERRO-captcha
QBD1661;1078371935;9C2KD1000GR011045        ;10425282003571;2025-09-02 10:59:28;ERRO - invalid-input-response;2025-09-02 10:59:28;ERRO-captcha
SPM3E41;1397692666;9BVRT60D0RE604755        ;10425282003490;2025-09-02 11:00:11;ERRO - invalid-input-response;2025-09-02 11:00:11;ERRO-captcha
SPN8C41;1413133387;9BVRT60D7RE609929        ;10425282003733;2025-09-02 11:00:52;ERRO - invalid-input-response;2025-09-02 11:00:52;ERRO-captcha
SPN8D11;1413134340;9BVRT60D9RE609931        ;10425282003733;2025-09-02 11:01:34;ERRO - invalid-input-response;2025-09-02 11:01:34;ERRO-captcha
EJY3121;152953914;9BWXN82439R930004        ;10425282004209;2025-09-02 11:02:18;ERRO - invalid-input-response;2025-09-02 11:02:18;ERRO-captcha
NJV3511;296342017;93KP0E0A1BE126310        ;10425282004896;2025-09-02 11:02:59;ERRO - invalid-input-response;2025-09-02 11:02:59;ERRO-captcha
DXZ8611;956988865;94BN080278R001308        ;10425282003733;2025-09-02 11:03:42;ERRO - invalid-input-response;2025-09-02 11:03:42;ERRO-captcha
SPN7J21;1413124370;9BVRT60D6RE610098        ;10425282003733;2025-09-02 11:04:24;ERRO - invalid-input-response;2025-09-02 11:04:24;ERRO-captcha
OBA4D91;463548876;9BM693298CB847799        ;10425282005949;2025-09-02 11:05:07;ERRO - invalid-input-response;2025-09-02 11:05:07;ERRO-captcha
OBK3531;507345800;9BFZEANE6DBS09570        ;10425282000122;2025-09-02 11:05:49;ERRO - invalid-input-response;2025-09-02 11:05:49;ERRO-captcha
BXG6591;633237922;9BWYTARB9SDB85108        ;10425282004896;2025-09-02 11:06:31;ERRO - invalid-input-response;2025-09-02 11:06:31;ERRO-captcha
BXG7641;645327921;9BWYTARB1SDB72336        ;10425282004896;2025-09-02 11:07:14;ERRO - invalid-input-response;2025-09-02 11:07:14;ERRO-captcha
AGH8841;657054780;9BM384087TB095234        ;10425282004896;2025-09-02 11:07:56;ERRO - invalid-input-response;2025-09-02 11:07:56;ERRO-captcha
NPN6341;664090192;9BWMF07X8EP022223        ;10425282003490;2025-09-02 11:08:39;ERRO - invalid-input-response;2025-09-02 11:08:39;ERRO-captcha
LNE1591;738432911;9BWY2VTU1YRY05222        ;10425282004896;2025-09-02 11:09:20;ERRO - invalid-input-response;2025-09-02 11:09:20;ERRO-captcha
JUA0891;774933259;9BFXK82FX2B067937        ;33511705991;2025-09-02 11:10:01;ERRO - invalid-input-response;2025-09-02 11:10:01;ERRO-captcha
LOV2901;810761696;9BM3840733B334260        ;10425282003490;2025-09-02 11:10:44;ERRO - invalid-input-response;2025-09-02 11:10:44;ERRO-captcha
HRV7I81;812490347;94BG150233V002197        ;10425282004209;2025-09-02 11:11:27;ERRO - invalid-input-response;2025-09-02 11:11:27;ERRO-captcha
JZO1021;815438222;9BFYTNFT43BB25447        ;10425282003229;2025-09-02 11:12:08;ERRO - invalid-input-response;2025-09-02 11:12:08;ERRO-captcha
LRL1F41;887483330;9BM6882766B482893        ;10425282005353;2025-09-02 11:12:50;ERRO - invalid-input-response;2025-09-02 11:12:50;ERRO-captcha
DSF4871;898160545;9BSP6X4B063592816        ;10425282003652;2025-09-02 11:13:34;ERRO - invalid-input-response;2025-09-02 11:13:34;ERRO-captcha
DZX5J01;938942255;9BSP6X4B073611380        ;10425282003652;2025-09-02 11:14:16;ERRO - invalid-input-response;2025-09-02 11:14:16;ERRO-captcha
EAZ9851;956665276;9BSP8X40083622232        ;10425282003652;2025-09-02 11:15:00;ERRO - invalid-input-response;2025-09-02 11:15:00;ERRO-captcha
EDC2I61;977572927;9BSP8X40083629949        ;10425282003652;2025-09-02 11:15:45;ERRO - invalid-input-response;2025-09-02 11:15:45;ERRO-captcha
SPL9J11;1396657280;9BVRT60D6RE604822        ;10425282003490;2025-09-02 11:16:27;ERRO - invalid-input-response;2025-09-02 11:16:27;ERRO-captcha
QBD1H11;1078371986;9C2KD1000GR011813        ;10425282004209;2025-09-02 11:17:10;ERRO - invalid-input-response;2025-09-02 11:17:10;ERRO-captcha
SPM3F61;1397718002;9BVRT60D1RE604819        ;10425282003490;2025-09-02 11:17:53;ERRO - invalid-input-response;2025-09-02 11:17:53;ERRO-captcha
SPM3F91;1397722611;9BVRT60D3RE604970        ;10425282003490;2025-09-02 11:18:36;ERRO - invalid-input-response;2025-09-02 11:18:36;ERRO-captcha
SPM3G01;1397723332;9BVRT60D6RE604817        ;10425282003490;2025-09-02 11:19:19;ERRO - invalid-input-response;2025-09-02 11:19:19;ERRO-captcha
SPM3G21;1397723901;9BVRT60D9RE604818        ;10425282003490;2025-09-02 11:20:00;ERRO - invalid-input-response;2025-09-02 11:20:00;ERRO-captcha
SPN7J71;1411542140;9BVRT60D4RE609578        ;10425282003733;2025-09-02 11:20:41;ERRO - invalid-input-response;2025-09-02 11:20:41;ERRO-captcha
SPN4G71;1412988478;9BVRT60DXRE609731        ;10425282003733;2025-09-02 11:21:23;ERRO - invalid-input-response;2025-09-02 11:21:23;ERRO-captcha
SPN7J01;1413123284;9BVRT60D9RE610099        ;10425282003733;2025-09-02 11:22:07;ERRO - invalid-input-response;2025-09-02 11:22:07;ERRO-captcha
SPN7J91;1413127727;9BVRT60D1RE609658        ;10425282003733;2025-09-02 11:22:47;ERRO - invalid-input-response;2025-09-02 11:22:47;ERRO-captcha
SPN8A21;1413128200;9BVRT60D2RE609630        ;10425282003733;2025-09-02 11:23:30;ERRO - invalid-input-response;2025-09-02 11:23:30;ERRO-captcha
OBB6A51;504312294;9A9BT1742DCDJ5380        ;10425282000122;2025-09-02 08:06:23;ERRO - invalid-input-response;2025-09-02 08:06:23;ERRO-captcha
RRY0D21;1357490981;8ATA01LF0PX121513        ;10425282003229;2025-09-02 08:07:05;ERRO - invalid-input-response;2025-09-02 08:07:05;ERRO-captcha
RAV2I11;1288397035;97TD0N412N2006515        ;10425282006597;2025-09-02 08:24:32;ERRO - invalid-input-response;2025-09-02 08:24:32;ERRO-captcha
RAV2I61;1288399534;97TD0N412N2006514        ;10425282006597;2025-09-02 08:25:14;ERRO - invalid-input-response;2025-09-02 08:25:14;ERRO-captcha
RAV2I81;1288399860;97TRBD442N2001806        ;10425282006597;2025-09-02 08:25:55;ERRO - invalid-input-response;2025-09-02 08:25:55;ERRO-captcha
RAV2J01;1288400737;97TD0N412N2006513        ;10425282006597;2025-09-02 08:26:39;ERRO - invalid-input-response;2025-09-02 08:26:39;ERRO-captcha
RAV2J51;1288401580;97T0BN442N2008740        ;10425282006597;2025-09-02 08:27:21;ERRO - invalid-input-response;2025-09-02 08:27:21;ERRO-captcha
RAV2J61;1288402330;97TRBD442N2001809        ;10425282006597;2025-09-02 08:28:04;ERRO - invalid-input-response;2025-09-02 08:28:04;ERRO-captcha
QCP4221;1140808696;9A9R4CBSWJ1AH8027        ;10425282002095;2025-09-02 08:57:40;ERRO - invalid-input-response;2025-09-02 08:57:40;ERRO-captcha
OBB5851;504311875;9A9BD1742DCDJ5382        ;10425282000122;2025-09-02 08:58:59;ERRO - invalid-input-response;2025-09-02 08:58:59;ERRO-captcha
NUF7111;453755704;955M0602CCS349351        ;10425282003490;2025-09-02 09:12:41;ERRO - invalid-input-response;2025-09-02 09:12:41;ERRO-captcha
SPN7I21;1413120579;9BVRT60D6RE609930        ;10425282003733;2025-09-02 09:13:22;ERRO - invalid-input-response;2025-09-02 09:13:22;ERRO-captcha
OBB5621;504311140;94BL0262CDR002398        ;10425282000122;2025-09-02 09:19:36;ERRO - invalid-input-response;2025-09-02 09:19:36;ERRO-captcha
NUE6I11;453309445;955B0902CCS349311        ;10425282003490;2025-09-02 09:20:20;ERRO - invalid-input-response;2025-09-02 09:20:20;ERRO-captcha
OBH6J81;506209660;9EP071230D1001519        ;10425282000122;2025-09-02 09:21:03;ERRO - invalid-input-response;2025-09-02 09:21:03;ERRO-captcha
OBB5H01;504311441;94BL0262CDR002402        ;10425282000122;2025-09-02 09:21:46;ERRO - invalid-input-response;2025-09-02 09:21:46;ERRO-captcha
OBB5H91;504311700;9A9BD1742DCDJ5376        ;10425282000122;2025-09-02 09:22:29;ERRO - invalid-input-response;2025-09-02 09:22:29;ERRO-captcha
QCO3E11;1140429237;9ADG1133HJM417114        ;10425282002095;2025-09-02 09:23:11;ERRO - invalid-input-response;2025-09-02 09:23:11;ERRO-captcha
OBA7841;470895500;9A9S11DPSC1AH8824        ;10425282003490;2025-09-02 09:23:53;ERRO - invalid-input-response;2025-09-02 09:23:53;ERRO-captcha
OBB5B31;504309714;94BB0972CDR019290        ;10425282000122;2025-09-02 09:24:36;ERRO - invalid-input-response;2025-09-02 09:24:36;ERRO-captcha
RAV3B01;1288405526;97T0BN422N2008733        ;10425282003733;2025-09-02 11:24:11;ERRO - invalid-input-response;2025-09-02 11:24:11;ERRO-captcha
QBY3471;1111464038;9C2KD1000HR012476        ;10425282003490;2025-09-02 08:41:23;ERRO - invalid-input-response;2025-09-02 08:41:23;ERRO-captcha
KAS9601;192272292;94BB0843AAR012075        ;10425282004896;2025-09-02 08:49:50;ERRO - invalid-input-response;2025-09-02 08:49:50;ERRO-captcha
OBG4D61;506005534;9EP071230D1001506        ;10425282000122;2025-09-02 08:56:14;ERRO - invalid-input-response;2025-09-02 08:56:14;ERRO-captcha
RAV2H21;1288393684;97T0BN653M2002034        ;10425282006597;2025-09-02 11:24:55;ERRO - invalid-input-response;2025-09-02 11:24:55;ERRO-captcha
RAV3A11;1288403965;97TD0N412N2006512        ;10425282003733;2025-09-02 11:25:38;ERRO - invalid-input-response;2025-09-02 11:25:38;ERRO-captcha
QCP4341;1140810623;9A9R4CBS4J1AH8046        ;10425282005353;2025-09-02 07:55:05;ERRO - invalid-input-response;2025-09-02 07:55:05;ERRO-captcha
QCK8J81;1219713780;9A9S3GRS4L1AH8010        ;10425282003490;2025-09-02 11:26:21;ERRO - invalid-input-response;2025-09-02 11:26:21;ERRO-captcha
AIS3151;720364523;9BM384073XB194229        ;10425282004896;2025-09-02 09:26:01;ERRO - invalid-input-response;2025-09-02 09:26:01;ERRO-captcha
OBH6I51;506414159;9A9S3GRSAD1AH8042        ;10425282000122;2025-09-02 11:27:04;ERRO - invalid-input-response;2025-09-02 11:27:04;ERRO-captcha
OBH6I81;506414299;9A9S3GRSWD1AH8044        ;10425282000122;2025-09-02 11:27:45;ERRO - invalid-input-response;2025-09-02 11:27:45;ERRO-captcha
NUF7261;453761283;955B0902CCS349350        ;10425282003490;2025-09-02 11:28:26;ERRO - invalid-input-response;2025-09-02 11:28:26;ERRO-captcha
OBB5F21;504310852;94BL0262CDR002394        ;10425282000122;2025-09-02 11:29:08;ERRO - invalid-input-response;2025-09-02 11:29:08;ERRO-captcha
OBG2G71;506035484;9EP071230D1001528        ;10425282000122;2025-09-02 11:29:47;ERRO - invalid-input-response;2025-09-02 11:29:47;ERRO-captcha
OBG2H71;506038807;9EP071230D1001541        ;10425282000122;2025-09-02 11:30:30;ERRO - invalid-input-response;2025-09-02 11:30:30;ERRO-captcha
IML4J31;0;9A95FL54P5ADK3248        ;10425282004209;2025-09-02 11:31:14;ERRO - invalid-input-response;2025-09-02 11:31:14;ERRO-captcha
QBV7I51;1110408436;9A9S3CTS8H1AH8012        ;10425282003229;2025-09-02 11:31:57;ERRO - invalid-input-response;2025-09-02 11:31:57;ERRO-captcha
QCO2B71;1140394743;9ADG1133HJM418255        ;10425282002095;2025-09-02 11:32:43;ERRO - invalid-input-response;2025-09-02 11:32:43;ERRO-captcha
QCO2E31;1140404404;9ADG1133HJM418315        ;10425282002095;2025-09-02 11:33:24;ERRO - invalid-input-response;2025-09-02 11:33:24;ERRO-captcha
QCO3D21;1140429059;9ADG1133HJM418355        ;10425282002095;2025-09-02 11:34:07;ERRO - invalid-input-response;2025-09-02 11:34:07;ERRO-captcha
QCO3D31;1140429091;9ADG0933HJM418324        ;10425282002095;2025-09-02 11:34:49;ERRO - invalid-input-response;2025-09-02 11:34:49;ERRO-captcha
QCO3D81;1140429180;9ADG0933HJM417113        ;10425282002095;2025-09-02 11:35:32;ERRO - invalid-input-response;2025-09-02 11:35:32;ERRO-captcha
QCO3E71;1140429440;9ADG1133HJM418311        ;10425282002095;2025-09-02 11:36:14;ERRO - invalid-input-response;2025-09-02 11:36:14;ERRO-captcha
QCO3E81;1140429466;9ADG0933HJM418310        ;10425282002095;2025-09-02 11:36:56;ERRO - invalid-input-response;2025-09-02 11:36:56;ERRO-captcha
QCO3E91;1140429482;9ADG0933HJM418352        ;10425282002095;2025-09-02 11:37:36;ERRO - invalid-input-response;2025-09-02 11:37:36;ERRO-captcha
QCO3F41;1140429512;9ADG1133HJM418573        ;10425282002095;2025-09-02 11:38:18;ERRO - invalid-input-response;2025-09-02 11:38:18;ERRO-captcha
QCP3461;1140787443;9A9R4CBSAJ1AH8025        ;10425282002095;2025-09-02 11:38:59;ERRO - invalid-input-response;2025-09-02 11:38:59;ERRO-captcha
QCP3741;1140792706;9A9R4CBSJJ1AH8020        ;10425282002095;2025-09-02 11:39:39;ERRO - invalid-input-response;2025-09-02 11:39:39;ERRO-captcha
QCP4311;1140810259;9A9R4CBS2J1AH8028        ;10425282002095;2025-09-02 11:40:20;ERRO - invalid-input-response;2025-09-02 11:40:20;ERRO-captcha
QCD3I21;1178203228;9ADG0933JKM434630        ;10425282003652;2025-09-02 11:41:01;ERRO - invalid-input-response;2025-09-02 11:41:01;ERRO-captcha
QCE0331;1178720516;9ADG1133KKM436208        ;10425282003229;2025-09-02 11:41:43;ERRO - invalid-input-response;2025-09-02 11:41:43;ERRO-captcha
QCE0341;1178720818;9ADG0933KKM436207        ;10425282003229;2025-09-02 11:42:25;ERRO - invalid-input-response;2025-09-02 11:42:25;ERRO-captcha
QCE0D71;1178721350;9ADG0933KKM436219        ;10425282003229;2025-09-02 11:43:05;ERRO - invalid-input-response;2025-09-02 11:43:05;ERRO-captcha
QCE0391;1178721970;9ADG0933KKM436255        ;10425282003229;2025-09-02 11:43:45;ERRO - invalid-input-response;2025-09-02 11:43:45;ERRO-captcha
QCE7A21;1179172261;9ADG1133KKM436226        ;10425282003229;2025-09-02 11:44:27;ERRO - invalid-input-response;2025-09-02 11:44:27;ERRO-captcha
QCE7A41;1179172636;9ADG0933KKM436243        ;10425282003229;2025-09-02 11:45:07;ERRO - invalid-input-response;2025-09-02 11:45:07;ERRO-captcha
NUF7D61;453765777;955B0902CCS349346        ;10425282003490;2025-09-02 11:45:49;ERRO - invalid-input-response;2025-09-02 11:45:49;ERRO-captcha
OBB5B01;504309560;94BB0972CDR019288        ;10425282000122;2025-09-02 11:46:30;ERRO - invalid-input-response;2025-09-02 11:46:30;ERRO-captcha
OBB5171;504309889;94BL0262CDR002384        ;10425282000122;2025-09-02 11:47:12;ERRO - invalid-input-response;2025-09-02 11:47:12;ERRO-captcha
OBB5C41;504310054;94BL0262CDR002386        ;10425282000122;2025-09-02 11:47:54;ERRO - invalid-input-response;2025-09-02 11:47:54;ERRO-captcha
OBB5C81;504310160;94BL0262CDR002388        ;10425282000122;2025-09-02 11:48:35;ERRO - invalid-input-response;2025-09-02 11:48:35;ERRO-captcha
OBB5D11;504310208;94BL0262CDR002389        ;10425282000122;2025-09-02 11:49:18;ERRO - invalid-input-response;2025-09-02 11:49:18;ERRO-captcha
OBB5E41;504310690;94BL0262CDR002391        ;10425282000122;2025-09-02 11:50:01;ERRO - invalid-input-response;2025-09-02 11:50:01;ERRO-captcha
OBB5461;504310763;94BL0262CDR002392        ;10425282000122;2025-09-02 11:50:43;ERRO - invalid-input-response;2025-09-02 11:50:43;ERRO-captcha
OBB5I81;504311930;9A9BD1742DCDJ5385        ;10425282000122;2025-09-02 11:56:20;ERRO - invalid-input-response;2025-09-02 11:56:20;ERRO-captcha
OBB5I91;504311964;9A9BD1742DCDJ5386        ;10425282000122;2025-09-02 11:57:01;ERRO - invalid-input-response;2025-09-02 11:57:01;ERRO-captcha
OBB5J11;504311980;9A9BD1742DCDJ5387        ;10425282000122;2025-09-02 11:57:44;ERRO - invalid-input-response;2025-09-02 11:57:44;ERRO-captcha
OBB5J21;504312022;9A9BD1742DCDJ5388        ;10425282000122;2025-09-02 11:58:27;ERRO - invalid-input-response;2025-09-02 11:58:27;ERRO-captcha
OBB5J41;504312057;9A9BD1742DCDJ5389        ;10425282000122;2025-09-02 11:59:09;ERRO - invalid-input-response;2025-09-02 11:59:09;ERRO-captcha
OBB5J51;504312065;9A9BD1742DCDJ5390        ;10425282000122;2025-09-02 11:59:50;ERRO - invalid-input-response;2025-09-02 11:59:50;ERRO-captcha
OBB6B21;504312405;9A9BT1742DCDJ5386        ;10425282000122;2025-09-02 12:00:31;ERRO - invalid-input-response;2025-09-02 12:00:31;ERRO-captcha
RAV3B21;1288406310;97TRBD442N2001802        ;10425282003733;2025-09-02 12:18:06;ERRO - invalid-input-response;2025-09-02 12:18:06;ERRO-captcha
RAV3B31;1288407146;97T0BN422N2008732        ;10425282003733;2025-09-02 12:18:49;ERRO - invalid-input-response;2025-09-02 12:18:49;ERRO-captcha
RAV3B41;1288407375;97TD0N412N2006509        ;10425282003733;2025-09-02 12:19:30;ERRO - invalid-input-response;2025-09-02 12:19:30;ERRO-captcha
RAV3B51;1288407677;97TRBD442N2001801        ;10425282003733;2025-09-02 12:20:12;ERRO - invalid-input-response;2025-09-02 12:20:12;ERRO-captcha
RAV3B61;1288408541;97T0BN422N2008731        ;10425282003733;2025-09-02 12:20:55;ERRO - invalid-input-response;2025-09-02 12:20:55;ERRO-captcha
RAV3B71;1288408827;97TD0N412N2006508        ;10425282003733;2025-09-02 12:21:37;ERRO - invalid-input-response;2025-09-02 12:21:37;ERRO-captcha
RAV3B81;1288409106;97TRBD442N2001800        ;10425282003733;2025-09-02 12:22:19;ERRO - invalid-input-response;2025-09-02 12:22:19;ERRO-captcha
RAV3D91;1288422366;97TD0N412N2006497        ;10425282003814;2025-09-02 12:23:02;ERRO - invalid-input-response;2025-09-02 12:23:02;ERRO-captcha
RAV3E41;1288422951;97T0BN422N2008714        ;10425282003814;2025-09-02 12:23:44;ERRO - invalid-input-response;2025-09-02 12:23:44;ERRO-captcha
RAV3E51;1288423176;97TD0N412N2006496        ;10425282003814;2025-09-02 12:24:27;ERRO - invalid-input-response;2025-09-02 12:24:27;ERRO-captcha
RAV3E61;1288423427;97TRBD442N2001788        ;10425282003814;2025-09-02 12:25:08;ERRO - invalid-input-response;2025-09-02 12:25:08;ERRO-captcha
RRM7J91;1321101527;9D8CAB153N1000359        ;10425282003229;2025-09-02 12:39:09;ERRO - invalid-input-response;2025-09-02 12:39:09;ERRO-captcha
RRM8A01;1321103805;9D8CAB133N1000362        ;10425282003490;2025-09-02 12:39:52;ERRO - invalid-input-response;2025-09-02 12:39:52;ERRO-captcha
OBG2J91;506044459;9EP071230D1001525        ;10425282000122;2025-09-02 12:40:34;ERRO - invalid-input-response;2025-09-02 12:40:34;ERRO-captcha
OBG3B91;506050220;9EP071230D1001341        ;10425282000122;2025-09-02 12:41:17;ERRO - invalid-input-response;2025-09-02 12:41:17;ERRO-captcha
OBG3C21;506050963;9EP071230D1001342        ;10425282000122;2025-09-02 12:41:58;ERRO - invalid-input-response;2025-09-02 12:41:58;ERRO-captcha
OBG4G41;506107647;9EP071230D1001405        ;10425282000122;2025-09-02 12:42:38;ERRO - invalid-input-response;2025-09-02 12:42:38;ERRO-captcha
OBG4H41;506109550;9EP071230D1001510        ;10425282000122;2025-09-02 12:43:20;ERRO - invalid-input-response;2025-09-02 12:43:20;ERRO-captcha
OBG4I11;506110729;9EP071230D1001293        ;10425282000122;2025-09-02 12:44:00;ERRO - invalid-input-response;2025-09-02 12:44:00;ERRO-captcha
OBG4J11;506111962;9EP071230D1001534        ;10425282000122;2025-09-02 12:44:43;ERRO - invalid-input-response;2025-09-02 12:44:43;ERRO-captcha
OBG4J31;506112365;9EP071230D1001319        ;10425282000122;2025-09-02 12:45:23;ERRO - invalid-input-response;2025-09-02 12:45:23;ERRO-captcha
OBG4J61;506112675;9EP071230D1001320        ;10425282000122;2025-09-02 12:46:05;ERRO - invalid-input-response;2025-09-02 12:46:05;ERRO-captcha
OBH6J91;506113108;9EP071230D1001339        ;10425282000122;2025-09-02 12:46:48;ERRO - invalid-input-response;2025-09-02 12:46:48;ERRO-captcha
OBG4J91;506113396;9EP071230D1001340        ;10425282000122;2025-09-02 12:47:31;ERRO - invalid-input-response;2025-09-02 12:47:31;ERRO-captcha
OBG5A01;506113728;9EP071230D1001545        ;10425282000122;2025-09-02 12:48:11;ERRO - invalid-input-response;2025-09-02 12:48:11;ERRO-captcha
OBG5A31;506114112;9EP071230D1001546        ;10425282000122;2025-09-02 12:48:55;ERRO - invalid-input-response;2025-09-02 12:48:55;ERRO-captcha
OBG5A81;506115119;9EP071230D1001315        ;10425282000122;2025-09-02 12:49:39;ERRO - invalid-input-response;2025-09-02 12:49:39;ERRO-captcha
OBG5J51;506138038;9EP071230D1001426        ;10425282000122;2025-09-02 13:02:20;ERRO - invalid-input-response;2025-09-02 13:02:20;ERRO-captcha
OBG9J51;506212564;9A9S3GRS3D1AH8028        ;10425282000122;2025-09-02 13:08:37;ERRO - invalid-input-response;2025-09-02 13:08:37;ERRO-captcha
QCG5J41;1180154107;9BVRG40D0KE863331        ;10425282003229;2025-09-02 10:36:56;ERRO - invalid-input-response;2025-09-02 10:36:56;ERRO-captcha
QCG5J71;1180154719;9BVRG40DXKE863278        ;10425282003229;2025-09-02 10:37:39;ERRO - invalid-input-response;2025-09-02 10:37:39;ERRO-captcha
QCG6A21;1180156363;9BVRG40D4KE863281        ;10425282003229;2025-09-02 10:38:21;ERRO - invalid-input-response;2025-09-02 10:38:21;ERRO-captcha
RAV8E91;1288667733;9C2KD0810NR161887        ;10425282003490;2025-09-02 10:43:58;ERRO - invalid-input-response;2025-09-02 10:43:58;ERRO-captcha
RAV8F11;1288667962;9C2KD0810NR161836        ;10425282004462;2025-09-02 10:44:40;ERRO - invalid-input-response;2025-09-02 10:44:40;ERRO-captcha
RAV8F21;1288668039; 9C2KD0810NR161861       ;10425282004462;2025-09-02 10:45:23;ERRO - invalid-input-response;2025-09-02 10:45:23;ERRO-captcha
RAW3J51;1288939849;9C2KD0810NR162648        ;10425282003490;2025-09-02 10:46:05;ERRO - invalid-input-response;2025-09-02 10:46:05;ERRO-captcha
RAW3J91;1288942270;9C2KD0810NR162675        ;10425282003490;2025-09-02 10:46:46;ERRO - invalid-input-response;2025-09-02 10:46:46;ERRO-captcha
RAW9C31;1289192143;9C2KD0810NR165508        ;10425282003490;2025-09-02 10:47:27;ERRO - invalid-input-response;2025-09-02 10:47:27;ERRO-captcha
RAZ5J21;1290173971;9C2KD0810NR165597        ;10425282003490;2025-09-02 10:48:07;ERRO - invalid-input-response;2025-09-02 10:48:07;ERRO-captcha
RRY0C41;1356920540;93ZA1PMH0P8958809        ;10425282003652;2025-09-02 10:48:49;ERRO - invalid-input-response;2025-09-02 10:48:49;ERRO-captcha
RRY0C61;1356921997;8ATA01LF0PX121789        ;10425282003229;2025-09-02 10:49:31;ERRO - invalid-input-response;2025-09-02 10:49:31;ERRO-captcha
SPC8E71;1368082359;8ATA01LF0PX121503        ;10425282003652;2025-09-02 10:50:13;ERRO - invalid-input-response;2025-09-02 10:50:13;ERRO-captcha
SPJ9F81;1395352108;9BD281AJHRYF41494        ;10425282003229;2025-09-02 10:50:57;ERRO - invalid-input-response;2025-09-02 10:50:57;ERRO-captcha
SPJ9G01;1395353317;9BD281AJHRYF34408        ;10425282003490;2025-09-02 10:51:40;ERRO - invalid-input-response;2025-09-02 10:51:40;ERRO-captcha
SPJ9G11;1395354267;9BD281AJHRYF42207        ;10425282003490;2025-09-02 10:52:21;ERRO - invalid-input-response;2025-09-02 10:52:21;ERRO-captcha
SPL7I91;1396275689;9BVRT60D7RE604889        ;10425282003490;2025-09-02 10:53:02;ERRO - invalid-input-response;2025-09-02 10:53:02;ERRO-captcha
SPL8B71;1396322407;9BVRT60D3RE604821        ;10425282003490;2025-09-02 10:53:43;ERRO - invalid-input-response;2025-09-02 10:53:43;ERRO-captcha
SPL8B91;1396329754;9BVRT60D6RE604971        ;10425282003490;2025-09-02 10:54:29;ERRO - invalid-input-response;2025-09-02 10:54:29;ERRO-captcha
SPL8I81;1396458171;9BVRT60D6RE604890        ;10425282003490;2025-09-02 10:55:11;ERRO - invalid-input-response;2025-09-02 10:55:11;ERRO-captcha
SPL8I91;1396458910;9BVRT60D3RE604816        ;10425282003490;2025-09-02 10:55:54;ERRO - invalid-input-response;2025-09-02 10:55:54;ERRO-captcha
SPM1G91;1397028120;9BVRT60D0RE604820        ;10425282003490;2025-09-02 10:56:38;ERRO - invalid-input-response;2025-09-02 10:56:38;ERRO-captcha
SPM2B81;1397152556;9BVRT60D4RE604969        ;10425282003490;2025-09-02 10:57:20;ERRO - invalid-input-response;2025-09-02 10:57:20;ERRO-captcha
OBB5E81;504310801;94BL0262CDR002393        ;10425282000122;2025-09-02 11:51:25;ERRO - invalid-input-response;2025-09-02 11:51:25;ERRO-captcha
OBB5531;504310895;94BL0262CDR002395        ;10425282000122;2025-09-02 11:52:08;ERRO - invalid-input-response;2025-09-02 11:52:08;ERRO-captcha
OBB5G81;504311387;94BL0262CDR002401        ;10425282000122;2025-09-02 11:52:49;ERRO - invalid-input-response;2025-09-02 11:52:49;ERRO-captcha
OBB5H51;504311565;94BL0262CDR002406        ;10425282000122;2025-09-02 11:53:30;ERRO - invalid-input-response;2025-09-02 11:53:30;ERRO-captcha
OBB5771;504311620;94BL0262CDR002408        ;10425282000122;2025-09-02 11:54:13;ERRO - invalid-input-response;2025-09-02 11:54:13;ERRO-captcha
OBB5I11;504311778;9A9BD1742DCDJ5378        ;10425282000122;2025-09-02 11:54:56;ERRO - invalid-input-response;2025-09-02 11:54:56;ERRO-captcha
OBB5I61;504311883;9A9BD1742DCDJ5383        ;10425282000122;2025-09-02 11:55:36;ERRO - invalid-input-response;2025-09-02 11:55:36;ERRO-captcha
OBB6C11;504317695;9A9BT1742DCDJ5387        ;10425282000122;2025-09-02 12:01:14;ERRO - invalid-input-response;2025-09-02 12:01:14;ERRO-captcha
OBB6C61;504318284;9A9DR1762DLDJ5169        ;10425282000122;2025-09-02 12:01:55;ERRO - invalid-input-response;2025-09-02 12:01:55;ERRO-captcha
OBC5J81;504318411;9A9DR1762DLDJ5170        ;10425282000122;2025-09-02 12:02:37;ERRO - invalid-input-response;2025-09-02 12:02:37;ERRO-captcha
OBB6C71;504318543;9A9DR1762DLDJ5171        ;10425282000122;2025-09-02 12:03:19;ERRO - invalid-input-response;2025-09-02 12:03:19;ERRO-captcha
OBB6D21;504318977;9A9DR1762DLDJ5174        ;10425282000122;2025-09-02 12:04:00;ERRO - invalid-input-response;2025-09-02 12:04:00;ERRO-captcha
OBB6D41;504319159;9A9DR1762DLDJ5175        ;10425282000122;2025-09-02 12:04:42;ERRO - invalid-input-response;2025-09-02 12:04:42;ERRO-captcha
OBB6831;504319337;9A9DR1762DLDJ5176        ;10425282000122;2025-09-02 12:05:25;ERRO - invalid-input-response;2025-09-02 12:05:25;ERRO-captcha
OBB6I41;504340727;9A9DR1762DLDJ5177        ;10425282000122;2025-09-02 12:06:08;ERRO - invalid-input-response;2025-09-02 12:06:08;ERRO-captcha
OBB6I61;504341243;9A9DR1762DLDJ5179        ;10425282000122;2025-09-02 12:06:51;ERRO - invalid-input-response;2025-09-02 12:06:51;ERRO-captcha
OBB6I71;504341553;9A9DR1762DLDJ5180        ;10425282000122;2025-09-02 12:07:34;ERRO - invalid-input-response;2025-09-02 12:07:34;ERRO-captcha
OBB6I81;504341820;9A9DR1762DLDJ5181        ;10425282000122;2025-09-02 12:08:15;ERRO - invalid-input-response;2025-09-02 12:08:15;ERRO-captcha
OBB6I91;504342134;9A9DR1762DLDJ5182        ;10425282000122;2025-09-02 12:08:57;ERRO - invalid-input-response;2025-09-02 12:08:57;ERRO-captcha
OBB6J01;504342347;9A9DR1762DLDJ5183        ;10425282000122;2025-09-02 12:09:42;ERRO - invalid-input-response;2025-09-02 12:09:42;ERRO-captcha
OBG2F81;506002942;9EP071230D1001353        ;10425282000122;2025-09-02 12:10:22;ERRO - invalid-input-response;2025-09-02 12:10:22;ERRO-captcha
OBG4G81;506003906;9EP071230D1001551        ;10425282000122;2025-09-02 12:11:04;ERRO - invalid-input-response;2025-09-02 12:11:04;ERRO-captcha
OBG5F11;506005372;9EP071230D1001301        ;10425282000122;2025-09-02 12:11:46;ERRO - invalid-input-response;2025-09-02 12:11:46;ERRO-captcha
OBG9B41;506005984;9EP071230D1001550        ;10425282000122;2025-09-02 12:12:28;ERRO - invalid-input-response;2025-09-02 12:12:28;ERRO-captcha
OBG5C41;506006166;9EP071230D1001292        ;10425282000122;2025-09-02 12:13:11;ERRO - invalid-input-response;2025-09-02 12:13:11;ERRO-captcha
OBG5D11;506006182;9EP071230D1001396        ;10425282000122;2025-09-02 12:13:54;ERRO - invalid-input-response;2025-09-02 12:13:54;ERRO-captcha
OBG4D31;506010120;9EP071230D1001347        ;10425282000122;2025-09-02 12:14:37;ERRO - invalid-input-response;2025-09-02 12:14:37;ERRO-captcha
OBG5I61;506010201;9EP071230D1001460        ;10425282000122;2025-09-02 12:15:18;ERRO - invalid-input-response;2025-09-02 12:15:18;ERRO-captcha
OBG4G51;506010368;9EP071230D1001406        ;10425282000122;2025-09-02 12:16:02;ERRO - invalid-input-response;2025-09-02 12:16:02;ERRO-captcha
OBG9B61;506010490;9EP071230D1001488        ;10425282000122;2025-09-02 12:16:42;ERRO - invalid-input-response;2025-09-02 12:16:42;ERRO-captcha
OBG9C61;506010589;9EP071230D1001516        ;10425282000122;2025-09-02 12:17:24;ERRO - invalid-input-response;2025-09-02 12:17:24;ERRO-captcha
RAV3E71;1288423664;97T0BN422N2008713        ;10425282003814;2025-09-02 12:25:48;ERRO - invalid-input-response;2025-09-02 12:25:48;ERRO-captcha
RAV3E81;1288423907;97TD0N412N2006495        ;10425282003814;2025-09-02 12:26:30;ERRO - invalid-input-response;2025-09-02 12:26:30;ERRO-captcha
RAV3F01;1288424865;97TRBD442N2001787        ;10425282003814;2025-09-02 12:27:11;ERRO - invalid-input-response;2025-09-02 12:27:11;ERRO-captcha
RAV3F31;1288425055;97T0BN422N2008712        ;10425282003490;2025-09-02 12:27:54;ERRO - invalid-input-response;2025-09-02 12:27:54;ERRO-captcha
RAV3F41;1288425276;97TD0N412N2006494        ;10425282003490;2025-09-02 12:28:35;ERRO - invalid-input-response;2025-09-02 12:28:35;ERRO-captcha
RAV3F61;1288426710;97TRBD442N2001786        ;10425282003490;2025-09-02 12:29:16;ERRO - invalid-input-response;2025-09-02 12:29:16;ERRO-captcha
RAV3F71;1288426965;97T0BN422N2008711        ;10425282003490;2025-09-02 12:29:58;ERRO - invalid-input-response;2025-09-02 12:29:58;ERRO-captcha
RAV3J61;1288447989;97TRBD442N2001785        ;10425282003490;2025-09-02 12:30:40;ERRO - invalid-input-response;2025-09-02 12:30:40;ERRO-captcha
RAV3J81;1288448195;97T0BN422N2008710        ;10425282003490;2025-09-02 12:31:21;ERRO - invalid-input-response;2025-09-02 12:31:21;ERRO-captcha
RAV4A11;1288448802;97T0BN422N2008709        ;10425282003490;2025-09-02 12:32:05;ERRO - invalid-input-response;2025-09-02 12:32:05;ERRO-captcha
RAV4A31;1288449140;97TRBD442N2001783        ;10425282003490;2025-09-02 12:32:48;ERRO - invalid-input-response;2025-09-02 12:32:48;ERRO-captcha
RAV4I11;1288478582;97T0BN442N2008743        ;10425282003571;2025-09-02 12:33:30;ERRO - invalid-input-response;2025-09-02 12:33:30;ERRO-captcha
RAV5A41;1288497706;97TRBD442N2001812        ;10425282003571;2025-09-02 12:34:13;ERRO - invalid-input-response;2025-09-02 12:34:13;ERRO-captcha
RAV5A51;1288498788;97T0BN442N2008742        ;10425282003571;2025-09-02 12:34:53;ERRO - invalid-input-response;2025-09-02 12:34:53;ERRO-captcha
RAV5A61;1288499628;97TD0N412N2006519        ;10425282003571;2025-09-02 12:35:36;ERRO - invalid-input-response;2025-09-02 12:35:36;ERRO-captcha
RAV5C11;1288505148;97T0BN442N2008741        ;10425282003571;2025-09-02 12:36:18;ERRO - invalid-input-response;2025-09-02 12:36:18;ERRO-captcha
RAV5C41;1288505733;97TD0N412N2006518        ;10425282003571;2025-09-02 12:37:02;ERRO - invalid-input-response;2025-09-02 12:37:02;ERRO-captcha
RAV5C71;1288506829;97TRBD442N2001810        ;10425282003571;2025-09-02 12:37:45;ERRO - invalid-input-response;2025-09-02 12:37:45;ERRO-captcha
RAZ4E21;1290112484;97T0BN442N2008792        ;10425282004624;2025-09-02 12:38:27;ERRO - invalid-input-response;2025-09-02 12:38:27;ERRO-captcha
OBG9B51;506115682;9EP071230D1001549        ;10425282000122;2025-09-02 12:50:21;ERRO - invalid-input-response;2025-09-02 12:50:21;ERRO-captcha
OBG5B91;506118533;9EP071230D1001500        ;10425282000122;2025-09-02 12:51:06;ERRO - invalid-input-response;2025-09-02 12:51:06;ERRO-captcha
OBG5D61;506123049;9EP071230D1001313        ;10425282000122;2025-09-02 12:51:48;ERRO - invalid-input-response;2025-09-02 12:51:48;ERRO-captcha
OBG5E21;506124142;9EP071230D1001507        ;10425282000122;2025-09-02 12:52:30;ERRO - invalid-input-response;2025-09-02 12:52:30;ERRO-captcha
OBG5F71;506127974;9EP071230D1001295        ;10425282000122;2025-09-02 12:53:13;ERRO - invalid-input-response;2025-09-02 12:53:13;ERRO-captcha
OBG5G81;506130177;9EP071230D1001337        ;10425282000122;2025-09-02 12:53:56;ERRO - invalid-input-response;2025-09-02 12:53:56;ERRO-captcha
OBG5G91;506130622;9EP071230D1001338        ;10425282000122;2025-09-02 12:54:37;ERRO - invalid-input-response;2025-09-02 12:54:37;ERRO-captcha
OBG5H21;506131300;9EP071230D1001311        ;10425282000122;2025-09-02 12:55:17;ERRO - invalid-input-response;2025-09-02 12:55:17;ERRO-captcha
OBG5H31;506131998;9EP071230D1001312        ;10425282000122;2025-09-02 12:56:04;ERRO - invalid-input-response;2025-09-02 12:56:04;ERRO-captcha
OBH7A11;506132420;9EP071230D1001361        ;10425282000122;2025-09-02 12:56:44;ERRO - invalid-input-response;2025-09-02 12:56:44;ERRO-captcha
OBG5H91;506133818;9EP071230D1001493        ;10425282000122;2025-09-02 12:57:25;ERRO - invalid-input-response;2025-09-02 12:57:25;ERRO-captcha
OBG5I11;506134261;9EP071230D1001494        ;10425282000122;2025-09-02 12:58:08;ERRO - invalid-input-response;2025-09-02 12:58:08;ERRO-captcha
OBG5I51;506134806;9EP071230D1001461        ;10425282000122;2025-09-02 12:58:51;ERRO - invalid-input-response;2025-09-02 12:58:51;ERRO-captcha
OBG5I81;506135829;9EP071230D1001413        ;10425282000122;2025-09-02 12:59:32;ERRO - invalid-input-response;2025-09-02 12:59:32;ERRO-captcha
OBG5I91;506136230;9EP071230D1001414        ;10425282000122;2025-09-02 13:00:14;ERRO - invalid-input-response;2025-09-02 13:00:14;ERRO-captcha
OBG5J01;506136655;9EP071230D1001454        ;10425282000122;2025-09-02 13:00:56;ERRO - invalid-input-response;2025-09-02 13:00:56;ERRO-captcha
OBG5J21;506137007;9EP071230D1001455        ;10425282000122;2025-09-02 13:01:40;ERRO - invalid-input-response;2025-09-02 13:01:40;ERRO-captcha
OBG6A21;506140644;9EP071230D1001497        ;10425282000122;2025-09-02 13:03:42;ERRO - invalid-input-response;2025-09-02 13:03:42;ERRO-captcha
OBG6A51;506141179;9EP071230D1001498        ;10425282000122;2025-09-02 13:04:23;ERRO - invalid-input-response;2025-09-02 13:04:23;ERRO-captcha
OBG9C31;506209229;9EP071230D1001515        ;10425282000122;2025-09-02 13:05:06;ERRO - invalid-input-response;2025-09-02 13:05:06;ERRO-captcha
OBG9C81;506209342;9EP071230D1001554        ;10425282000122;2025-09-02 13:05:48;ERRO - invalid-input-response;2025-09-02 13:05:48;ERRO-captcha
OBG9D81;506209520;9EP071230D1001306        ;10425282000122;2025-09-02 13:06:30;ERRO - invalid-input-response;2025-09-02 13:06:30;ERRO-captcha
OBG9F51;506209784;9EP071230D1001356        ;10425282000122;2025-09-02 13:07:11;ERRO - invalid-input-response;2025-09-02 13:07:11;ERRO-captcha
OBG9F91;506209857;9EP071230D1001868        ;10425282000122;2025-09-02 13:07:53;ERRO - invalid-input-response;2025-09-02 13:07:53;ERRO-captcha
OBH6J61;506215091;9A9S3GRS0D1AH8027        ;10425282000122;2025-09-02 13:09:19;ERRO - invalid-input-response;2025-09-02 13:09:19;ERRO-captcha
OBG9J71;506215636;9A9S3GRS6D1AH8029        ;10425282000122;2025-09-02 13:10:01;ERRO - invalid-input-response;2025-09-02 13:10:01;ERRO-captcha
OBH0A41;506216268;9A9S3GRS3D1AH8031        ;10425282000122;2025-09-02 13:10:46;ERRO - invalid-input-response;2025-09-02 13:10:46;ERRO-captcha
OBH0B11;506217000;9A9S3GRSJD1AH8034        ;10425282000122;2025-09-02 13:11:28;ERRO - invalid-input-response;2025-09-02 13:11:28;ERRO-captcha
OBH0B91;506217841;9A9S3GRSBD1AH8002        ;10425282000122;2025-09-02 13:12:09;ERRO - invalid-input-response;2025-09-02 13:12:09;ERRO-captcha
OBH0C61;506219526;9A9S3GRS6D1AH8006        ;10425282000122;2025-09-02 13:12:50;ERRO - invalid-input-response;2025-09-02 13:12:50;ERRO-captcha
OBH0D21;506220583;9A9S3GRSSD1AH8009        ;10425282000122;2025-09-02 13:13:33;ERRO - invalid-input-response;2025-09-02 13:13:33;ERRO-captcha
OBH0D41;506220974;9A9S3GRS9D1AH8010        ;10425282000122;2025-09-02 13:14:13;ERRO - invalid-input-response;2025-09-02 13:14:13;ERRO-captcha
OBH0E01;506221903;9A9S3GRSJD1AH8011        ;10425282000122;2025-09-02 13:14:55;ERRO - invalid-input-response;2025-09-02 13:14:55;ERRO-captcha
OBH0461;506223078;9A9S3GRS4D1AH8014        ;10425282000122;2025-09-02 13:15:38;ERRO - invalid-input-response;2025-09-02 13:15:38;ERRO-captcha
OBH0E71;506223302;9A9S3GRS7D1AH8015        ;10425282000122;2025-09-02 13:16:20;ERRO - invalid-input-response;2025-09-02 13:16:20;ERRO-captcha
OBH6H31;506413365;9A9S3GRS2D1AH8022        ;10425282000122;2025-09-02 13:17:01;ERRO - invalid-input-response;2025-09-02 13:17:01;ERRO-captcha
OBH6H51;506413500;9A9S3GRSWD1AH8021        ;10425282000122;2025-09-02 13:17:44;ERRO - invalid-input-response;2025-09-02 13:17:44;ERRO-captcha
OBH6H81;506413721;9A9S3GRS4D1AH8037        ;10425282000122;2025-09-02 13:18:25;ERRO - invalid-input-response;2025-09-02 13:18:25;ERRO-captcha
OBH6H91;506413810;9A9S3GRSBD1AH8025        ;10425282000122;2025-09-02 13:19:08;ERRO - invalid-input-response;2025-09-02 13:19:08;ERRO-captcha
OBH6I91;506414337;9A9S3GRS2D1AH8045        ;10425282000122;2025-09-02 13:19:49;ERRO - invalid-input-response;2025-09-02 13:19:49;ERRO-captcha
AXT4B81;595553168;9EP071230E1001078        ;10425282004209;2025-09-02 13:20:32;ERRO - invalid-input-response;2025-09-02 13:20:32;ERRO-captcha
NUD3B11;452321220;955M0602CCS349121        ;10425282003490;2025-09-02 09:26:45;ERRO - invalid-input-response;2025-09-02 09:26:45;ERRO-captcha
OBB5I21;504311794;9A9BD1742DCDJ5379        ;10425282000122;2025-09-02 09:27:26;ERRO - invalid-input-response;2025-09-02 09:27:26;ERRO-captcha
QCO3F71;1140049892;9BM979026JB082833        ;10425282002095;2025-09-02 09:28:07;ERRO - invalid-input-response;2025-09-02 09:28:07;ERRO-captcha
AHL1861;139122419;9BM345413JB810933        ;10425282003229;2025-09-02 09:28:52;ERRO - invalid-input-response;2025-09-02 09:28:52;ERRO-captcha
OBG2I91;506041387;9EP071230D1001558        ;10425282000122;2025-09-02 09:29:33;ERRO - invalid-input-response;2025-09-02 09:29:33;ERRO-captcha
OBG4F41;506010333;9EP071230D1001518        ;10425282000122;2025-09-02 09:30:18;ERRO - invalid-input-response;2025-09-02 09:30:18;ERRO-captcha
OBB5C61;504310119;94BL0262CDR002387        ;10425282000122;2025-09-02 09:31:01;ERRO - invalid-input-response;2025-09-02 09:31:01;ERRO-captcha
NUE6F71;453303846;955B0902CCS349302        ;10425282003490;2025-09-02 09:31:44;ERRO - invalid-input-response;2025-09-02 09:31:44;ERRO-captcha
NUE6E31;453292720;955B0902CCS349312        ;10425282003490;2025-09-02 09:32:29;ERRO - invalid-input-response;2025-09-02 09:32:29;ERRO-captcha
QCH8901;1180766129;93KP0R1C8KE162425        ;10425282004209;2025-09-02 09:33:12;ERRO - invalid-input-response;2025-09-02 09:33:12;ERRO-captcha
OBB5H81;504311662;9A9BD1742DCDJ5375        ;10425282000122;2025-09-02 09:33:56;ERRO - invalid-input-response;2025-09-02 09:33:56;ERRO-captcha
NUE6H91;453307744;955B0902CCS349309        ;10425282003490;2025-09-02 09:34:41;ERRO - invalid-input-response;2025-09-02 09:34:41;ERRO-captcha
QCG5F31;1180135595;9ADG1133KKM436232        ;10425282003490;2025-09-02 09:58:39;ERRO - invalid-input-response;2025-09-02 09:58:39;ERRO-captcha
OBB6D01;504318845;9A9DR1762DLDJ5173        ;10425282000122;2025-09-02 10:01:03;ERRO - invalid-input-response;2025-09-02 10:01:03;ERRO-captcha
QCD8051;1178546648;9C2KD0810KR013880        ;10425282004209;2025-09-02 10:29:56;ERRO - invalid-input-response;2025-09-02 10:29:56;ERRO-captcha
QCG5F81;1180138071;9BVRG40D8KE863393        ;10425282003490;2025-09-02 10:30:39;ERRO - invalid-input-response;2025-09-02 10:30:39;ERRO-captcha
QCG5G11;1180140009;9BVRG40D5KE863392        ;10425282003490;2025-09-02 10:31:23;ERRO - invalid-input-response;2025-09-02 10:31:23;ERRO-captcha
QCG5G41;1180140637;9BVRG40D2KE863391        ;10425282003490;2025-09-02 10:32:03;ERRO - invalid-input-response;2025-09-02 10:32:03;ERRO-captcha
QCG5G61;1180141994;9BVRG40DXKE863390        ;10425282003490;2025-09-02 10:32:44;ERRO - invalid-input-response;2025-09-02 10:32:44;ERRO-captcha
QCG5H41;1180145280;9BVRG40D3KE863332        ;10425282003490;2025-09-02 10:33:28;ERRO - invalid-input-response;2025-09-02 10:33:28;ERRO-captcha
QCG5H61;1180147070;9BVRG40D3KE863601        ;10425282003490;2025-09-02 10:34:10;ERRO - invalid-input-response;2025-09-02 10:34:10;ERRO-captcha
QCG5I81;1180148867;9BVRG40DXKE863283        ;10425282003229;2025-09-02 10:34:50;ERRO - invalid-input-response;2025-09-02 10:34:50;ERRO-captcha
QCG5J11;1180153070;9BVRG40D8KE863330        ;10425282003229;2025-09-02 10:35:34;ERRO - invalid-input-response;2025-09-02 10:35:34;ERRO-captcha
QCG5J31;1180153453;9BVRG40D6KE863333        ;10425282003229;2025-09-02 10:36:15;ERRO - invalid-input-response;2025-09-02 10:36:15;ERRO-captcha
OBH6H21;506413322;9A9S3GRSKD1AH8020        ;10425282000122;2025-09-02 13:21:15;ERRO - invalid-input-response;2025-09-02 13:21:15;ERRO-captcha
OBH6I11;506413888;9A9S3GRS7D1AH8038        ;10425282000122;2025-09-02 13:21:56;ERRO - invalid-input-response;2025-09-02 13:21:56;ERRO-captcha
OBH6821;506413950;9A9S3GRSAD1AH8039        ;10425282000122;2025-09-02 13:22:39;ERRO - invalid-input-response;2025-09-02 13:22:39;ERRO-captcha
OBH6I31;506414060;9A9S3GRS4D1AH8040        ;10425282000122;2025-09-02 13:23:22;ERRO - invalid-input-response;2025-09-02 13:23:22;ERRO-captcha
OBH6I71;506414221;9A9S3GRSKD1AH8043        ;10425282000122;2025-09-02 13:24:05;ERRO - invalid-input-response;2025-09-02 13:24:05;ERRO-captcha
OBH6J01;506414400;9A9S3GRS1D1AH8036        ;10425282000122;2025-09-02 13:24:46;ERRO - invalid-input-response;2025-09-02 13:24:46;ERRO-captcha
OBH6J21;506414540;9A9S3GRS8D1AH8047        ;10425282000122;2025-09-02 13:25:27;ERRO - invalid-input-response;2025-09-02 13:25:27;ERRO-captcha
CXC9411;614843596;34541312630809           ;10425282003229;2025-09-02 13:26:09;ERRO - invalid-input-response;2025-09-02 13:26:09;ERRO-captcha
NTY1F01;690949669;9A9R23DPXE1AH8232        ;10425282000122;2025-09-02 13:26:52;ERRO - invalid-input-response;2025-09-02 13:26:52;ERRO-captcha
NTY1651;691015570;9A9S3CTSAE1AH8020        ;10425282000122;2025-09-02 13:27:35;ERRO - invalid-input-response;2025-09-02 13:27:35;ERRO-captcha
CNR9541;802096298;93EN0762331001346        ;10425282004209;2025-09-02 13:28:17;ERRO - invalid-input-response;2025-09-02 13:28:17;ERRO-captcha
MQF3451;843468734;9EP21082051001156        ;10425282004209;2025-09-02 13:28:59;ERRO - invalid-input-response;2025-09-02 13:28:59;ERRO-captcha
EDC9F21;960043616;9BSP8X40083623267        ;10425282003652;2025-09-02 13:29:42;ERRO - invalid-input-response;2025-09-02 13:29:42;ERRO-captcha
EDC9F81;960508082;9BSP8X40083623264        ;10425282003652;2025-09-02 13:30:25;ERRO - invalid-input-response;2025-09-02 13:30:25;ERRO-captcha
DVT9171;967724031;9BM3840678B591665        ;10425282003229;2025-09-02 13:31:09;ERRO - invalid-input-response;2025-09-02 13:31:09;ERRO-captcha
DQB9121;987965387;9BSP8X40083632829        ;10425282003652;2025-09-02 13:31:49;ERRO - invalid-input-response;2025-09-02 13:31:49;ERRO-captcha
RRM3B91;1301815974;93KK0R1D2NE180248        ;10425282003571;2025-09-02 13:32:31;ERRO - invalid-input-response;2025-09-02 13:32:31;ERRO-captcha
AXT2C51;595551874;9EP071230E1001387        ;10425282004209;2025-09-02 13:33:12;ERRO - invalid-input-response;2025-09-02 13:33:12;ERRO-captcha
QCO3E31;1140429288;9ADG0933HJM417111        ;10425282002095;2025-09-02 13:33:55;ERRO - invalid-input-response;2025-09-02 13:33:55;ERRO-captcha
OBG5J91;506003744;9EP071230D1001303        ;10425282000122;2025-09-02 13:34:37;ERRO - invalid-input-response;2025-09-02 13:34:37;ERRO-captcha
QCO3E41;1140429334;9ADG1133HJM417112        ;10425282002095;2025-09-02 13:35:19;ERRO - invalid-input-response;2025-09-02 13:35:19;ERRO-captcha
JYK7541;111249651;234880744                ;10425282004896;2025-09-02 13:36:00;ERRO - invalid-input-response;2025-09-02 13:36:00;ERRO-captcha
QCE7B01;1179174485;9ADG0933KKM436229        ;10425282003229;2025-09-02 13:36:42;ERRO - invalid-input-response;2025-09-02 13:36:42;ERRO-captcha
RAV3A31;1288404406;97TRBD442N2001804        ;10425282003733;2025-09-02 13:37:26;ERRO - invalid-input-response;2025-09-02 13:37:26;ERRO-captcha
OBB6A01;504312138;9A9BT1742DCDJ5377        ;10425282000122;2025-09-02 13:38:06;ERRO - invalid-input-response;2025-09-02 13:38:06;ERRO-captcha
OBB6A11;504312197;9A9BT1742DCDJ5378        ;10425282000122;2025-09-02 13:38:48;ERRO - invalid-input-response;2025-09-02 13:38:48;ERRO-captcha
OBB6A31;504312235;9A9BT1742DCDJ5379        ;10425282000122;2025-09-02 13:39:31;ERRO - invalid-input-response;2025-09-02 13:39:31;ERRO-captcha
OBB6A61;504312308;9A9BT1742DCDJ5381        ;10425282000122;2025-09-02 13:40:12;ERRO - invalid-input-response;2025-09-02 13:40:12;ERRO-captcha
OBB6A81;504312332;9A9BT1742DCDJ5383        ;10425282000122;2025-09-02 13:40:54;ERRO - invalid-input-response;2025-09-02 13:40:54;ERRO-captcha
OBB6B01;504312391;9A9BT1742DCDJ5385        ;10425282000122;2025-09-02 13:41:37;ERRO - invalid-input-response;2025-09-02 13:41:37;ERRO-captcha
OBB6C31;504317962;9A9BT1742DCDJ5389        ;10425282000122;2025-09-02 13:42:21;ERRO - invalid-input-response;2025-09-02 13:42:21;ERRO-captcha
OBB6C41;504318128;9A9BT1742DCDJ5390        ;10425282000122;2025-09-02 13:43:03;ERRO - invalid-input-response;2025-09-02 13:43:03;ERRO-captcha
OBG2H31;506003671;9EP071230D1001352        ;10425282000122;2025-09-02 13:43:44;ERRO - invalid-input-response;2025-09-02 13:43:44;ERRO-captcha
OBG4E11;506003787;9EP071230D1001463        ;10425282000122;2025-09-02 13:44:26;ERRO - invalid-input-response;2025-09-02 13:44:26;ERRO-captcha
OBG5B21;506004040;9EP071230D1001283        ;10425282000122;2025-09-02 13:45:08;ERRO - invalid-input-response;2025-09-02 13:45:08;ERRO-captcha
OBG5C01;506005402;9EP071230D1001501        ;10425282000122;2025-09-02 13:45:51;ERRO - invalid-input-response;2025-09-02 13:45:51;ERRO-captcha
OBG5C81;506005461;9EP071230D1001535        ;10425282000122;2025-09-02 13:46:33;ERRO - invalid-input-response;2025-09-02 13:46:33;ERRO-captcha
OBG3A11;506005518;9EP071230D1001526        ;10425282000122;2025-09-02 13:47:15;ERRO - invalid-input-response;2025-09-02 13:47:15;ERRO-captcha
OBG5J31;506005631;9EP071230D1001427        ;10425282000122;2025-09-02 13:48:37;ERRO - invalid-input-response;2025-09-02 13:48:37;ERRO-captcha
OBG4I91;506005933;9EP071230D1001533        ;10425282000122;2025-09-02 13:49:18;ERRO - invalid-input-response;2025-09-02 13:49:18;ERRO-captcha
OBG2H01;506036260;9EP071230D1001351        ;10425282000122;2025-09-02 13:49:59;ERRO - invalid-input-response;2025-09-02 13:49:59;ERRO-captcha
OBG2H51;506038190;9EP071230D1001540        ;10425282000122;2025-09-02 13:50:41;ERRO - invalid-input-response;2025-09-02 13:50:41;ERRO-captcha
OBG2J51;506042375;9EP071230D1001402        ;10425282000122;2025-09-02 13:51:22;ERRO - invalid-input-response;2025-09-02 13:51:22;ERRO-captcha
OBG4C51;506098761;9EP071230D1001317        ;10425282000122;2025-09-02 13:52:04;ERRO - invalid-input-response;2025-09-02 13:52:04;ERRO-captcha
OBG4E61;506103196;9EP071230D1001332        ;10425282000122;2025-09-02 13:52:45;ERRO - invalid-input-response;2025-09-02 13:52:45;ERRO-captcha
OBG4E71;506103730;9EP071230D1001333        ;10425282000122;2025-09-02 13:53:28;ERRO - invalid-input-response;2025-09-02 13:53:28;ERRO-captcha
OBG4F11;506104133;9EP071230D1001456        ;10425282000122;2025-09-02 13:54:13;ERRO - invalid-input-response;2025-09-02 13:54:13;ERRO-captcha
OBH0C01;506218139;9A9S3GRSRD1AH8003        ;10425282000122;2025-09-02 13:54:54;ERRO - invalid-input-response;2025-09-02 13:54:54;ERRO-captcha
OBH0C21;506218570;9A9S3GRS0D1AH8004        ;10425282000122;2025-09-02 13:55:35;ERRO - invalid-input-response;2025-09-02 13:55:35;ERRO-captcha
OBH0C91;506220222;9A9S3GRSJD1AH8008        ;10425282000122;2025-09-02 13:56:19;ERRO - invalid-input-response;2025-09-02 13:56:19;ERRO-captcha
SPL5J81;1396017159;9BVRT60D4RE604888        ;10425282003490;2025-09-02 13:57:01;ERRO - invalid-input-response;2025-09-02 13:57:01;ERRO-captcha
NPJ7841;308189370;93KK0E0D2AE123399        ;10425282000122;2025-09-02 13:57:42;ERRO - invalid-input-response;2025-09-02 13:57:42;ERRO-captcha
OBG2H91;506039439;9EP071230D1001555        ;10425282000122;2025-09-02 13:58:26;ERRO - invalid-input-response;2025-09-02 13:58:26;ERRO-captcha
OBG2J01;506041840;9EP071230D1001401        ;10425282000122;2025-09-02 13:59:10;ERRO - invalid-input-response;2025-09-02 13:59:10;ERRO-captcha
OBG3A31;506046079;9EP071230D1001464        ;10425282000122;2025-09-02 13:59:51;ERRO - invalid-input-response;2025-09-02 13:59:51;ERRO-captcha
OBG3A51;506046966;9EP071230D1001465        ;10425282000122;2025-09-02 14:00:34;ERRO - invalid-input-response;2025-09-02 14:00:34;ERRO-captcha
OBG3B01;506048527;9EP071230D1001324        ;10425282000122;2025-09-02 14:01:16;ERRO - invalid-input-response;2025-09-02 14:01:16;ERRO-captcha
OBG3B61;506049671;9EP071230D1001322        ;10425282000122;2025-09-02 14:01:59;ERRO - invalid-input-response;2025-09-02 14:01:59;ERRO-captcha
OBG4F21;506104575;9EP071230D1001457        ;10425282000122;2025-09-02 14:02:40;ERRO - invalid-input-response;2025-09-02 14:02:40;ERRO-captcha
OBG4F91;506106284;9EP071230D1001336        ;10425282000122;2025-09-02 14:03:21;ERRO - invalid-input-response;2025-09-02 14:03:21;ERRO-captcha
OBG4G21;506106845;9EP071230D1001349        ;10425282000122;2025-09-02 14:04:03;ERRO - invalid-input-response;2025-09-02 14:04:03;ERRO-captcha
OBG9D91;506115810;9EP071230D1001561        ;10425282000122;2025-09-02 14:04:45;ERRO - invalid-input-response;2025-09-02 14:04:45;ERRO-captcha
OBG5B31;506116409;9EP071230D1001284        ;10425282000122;2025-09-02 14:05:27;ERRO - invalid-input-response;2025-09-02 14:05:27;ERRO-captcha
OBG5B51;506117251;9EP071230D1001524        ;10425282000122;2025-09-02 14:06:08;ERRO - invalid-input-response;2025-09-02 14:06:08;ERRO-captcha
OBG5C51;506120317;9EP071230D1001428        ;10425282000122;2025-09-02 14:06:51;ERRO - invalid-input-response;2025-09-02 14:06:51;ERRO-captcha
OBG5C71;506120759;9EP071230D1001429        ;10425282000122;2025-09-02 14:07:35;ERRO - invalid-input-response;2025-09-02 14:07:35;ERRO-captcha
OBG5C91;506121771;9EP071230D1001395        ;10425282000122;2025-09-02 14:08:19;ERRO - invalid-input-response;2025-09-02 14:08:19;ERRO-captcha
OBG5E81;506125629;9EP071230D1001400        ;10425282000122;2025-09-02 14:09:03;ERRO - invalid-input-response;2025-09-02 14:09:03;ERRO-captcha
OBH7A01;506127320;9EP071230D1001449        ;10425282000122;2025-09-02 14:09:45;ERRO - invalid-input-response;2025-09-02 14:09:45;ERRO-captcha
OBG9B71;506208974;9EP071230D1001489        ;10425282000122;2025-09-02 14:10:25;ERRO - invalid-input-response;2025-09-02 14:10:25;ERRO-captcha
OBG9C21;506209148;9EP071230D1001387        ;10425282000122;2025-09-02 14:11:53;ERRO - invalid-input-response;2025-09-02 14:11:53;ERRO-captcha
OBG9C71;506209300;9EP071230D1001553        ;10425282000122;2025-09-02 14:12:35;ERRO - invalid-input-response;2025-09-02 14:12:35;ERRO-captcha
OBG9D51;506209458;9EP071230D1001328        ;10425282000122;2025-09-02 14:13:17;ERRO - invalid-input-response;2025-09-02 14:13:17;ERRO-captcha
OBG9531;506209741;9EP071230D1001355        ;10425282000122;2025-09-02 14:13:58;ERRO - invalid-input-response;2025-09-02 14:13:58;ERRO-captcha
OBG9G11;506209881;9EP071230D1001869        ;10425282000122;2025-09-02 14:14:40;ERRO - invalid-input-response;2025-09-02 14:14:40;ERRO-captcha
OBG4G31;506107248;9EP071230D1001350        ;10425282000122;2025-09-02 14:15:22;ERRO - invalid-input-response;2025-09-02 14:15:22;ERRO-captcha
NTY1601;690978499;9A9R23DPXE1AH8231        ;10425282000122;2025-09-02 14:16:04;ERRO - invalid-input-response;2025-09-02 14:16:04;ERRO-captcha
QCE0D51;1178721024;9ADG1133KKM436220        ;10425282003229;2025-09-02 14:16:46;ERRO - invalid-input-response;2025-09-02 14:16:46;ERRO-captcha
NUF7301;453764096;955B0902CCS349352        ;10425282003490;2025-09-02 14:17:28;ERRO - invalid-input-response;2025-09-02 14:17:28;ERRO-captcha
QCO3E21;1140429369;9ADG0933HJM417115        ;10425282002095;2025-09-02 14:18:11;ERRO - invalid-input-response;2025-09-02 14:18:11;ERRO-captcha
QCP3501;1140787923;9A9R4CBSSJ1AH8021        ;10425282002095;2025-09-02 14:18:55;ERRO - invalid-input-response;2025-09-02 14:18:55;ERRO-captcha
OBH6H01;506413233;9A9S3GRS2D1AH8019        ;10425282000122;2025-09-02 14:19:38;ERRO - invalid-input-response;2025-09-02 14:19:38;ERRO-captcha
OBB5H61;504311590;94BL0262CDR002407        ;10425282000122;2025-09-02 14:20:19;ERRO - invalid-input-response;2025-09-02 14:20:19;ERRO-captcha
NUF7D81;453766986;955B0902CCS349349        ;10425282003490;2025-09-02 14:21:00;ERRO - invalid-input-response;2025-09-02 14:21:00;ERRO-captcha
OBG5D31;506122565;9EP071230D1001536        ;10425282000122;2025-09-02 14:21:42;ERRO - invalid-input-response;2025-09-02 14:21:42;ERRO-captcha
OBG5C31;506119718;9EP071230D1001291        ;10425282000122;2025-09-02 14:22:24;ERRO - invalid-input-response;2025-09-02 14:22:24;ERRO-captcha
OBG4F71;506105954;9EP071230D1001335        ;10425282000122;2025-09-02 14:23:06;ERRO - invalid-input-response;2025-09-02 14:23:06;ERRO-captcha
QCP4301;1140810100;9A9R4CBS5J1AH8029        ;10425282002095;2025-09-02 14:23:50;ERRO - invalid-input-response;2025-09-02 14:23:50;ERRO-captcha
OBG3B51;506049060;9EP071230D1001321        ;10425282000122;2025-09-02 14:24:34;ERRO - invalid-input-response;2025-09-02 14:24:34;ERRO-captcha
QCP4261;1140809382;9A9R4CBSWJ1AH8030        ;10425282002095;2025-09-02 14:25:15;ERRO - invalid-input-response;2025-09-02 14:25:15;ERRO-captcha
AXT1F31;595570950;9EP071230E1001088        ;10425282004209;2025-09-02 14:25:57;ERRO - invalid-input-response;2025-09-02 14:25:57;ERRO-captcha
OBB6071;504312324;9A9BT1742DCDJ5382        ;10425282000122;2025-09-02 14:26:39;ERRO - invalid-input-response;2025-09-02 14:26:39;ERRO-captcha
OBG2G31;506034739;9EP071230D1001527        ;10425282000122;2025-09-02 14:28:02;ERRO - invalid-input-response;2025-09-02 14:28:02;ERRO-captcha
QCE7B31;1179174868;9ADG1133KKM436230        ;10425282003229;2025-09-02 14:28:43;ERRO - invalid-input-response;2025-09-02 14:28:43;ERRO-captcha
QCF0E71;1179370420;9ADG1133KKM436214        ;10425282003490;2025-09-02 14:29:26;ERRO - invalid-input-response;2025-09-02 14:29:26;ERRO-captcha
QCF0H51;1179378544;9ADG1133KKM436242        ;10425282003490;2025-09-02 14:30:08;ERRO - invalid-input-response;2025-09-02 14:30:08;ERRO-captcha
QCF9641;1179830773;9A9R4CBS1K1AH8033        ;10425282002095;2025-09-02 14:30:51;ERRO - invalid-input-response;2025-09-02 14:30:51;ERRO-captcha
QCF9671;1179831435;9A9R4CBS4K1AH8034        ;10425282002095;2025-09-02 14:31:33;ERRO - invalid-input-response;2025-09-02 14:31:33;ERRO-captcha
QCF9711;1179831869;9A9R4CBSSK1AH8032        ;10425282002095;2025-09-02 14:32:16;ERRO - invalid-input-response;2025-09-02 14:32:16;ERRO-captcha
QCG4J21;1180114792;9ADG0933KKM436251        ;10425282003490;2025-09-02 14:32:57;ERRO - invalid-input-response;2025-09-02 14:32:57;ERRO-captcha
NUG4D31;453867650;955B0902CCS349353        ;10425282003490;2025-09-02 14:33:38;ERRO - invalid-input-response;2025-09-02 14:33:38;ERRO-captcha
ETR5011;280547242;94BN0802BBR002053        ;10425282003733;2025-09-02 14:34:20;ERRO - invalid-input-response;2025-09-02 14:34:20;ERRO-captcha
NUD2J61;451902092;955B0902CCS349116        ;10425282003490;2025-09-02 14:35:02;ERRO - invalid-input-response;2025-09-02 14:35:02;ERRO-captcha
NUD3A41;451903854;955B0902CCS349119        ;10425282003490;2025-09-02 14:35:45;ERRO - invalid-input-response;2025-09-02 14:35:45;ERRO-captcha
NUF1F71;453528813;955B0902CCS349303        ;10425282003490;2025-09-02 14:36:27;ERRO - invalid-input-response;2025-09-02 14:36:27;ERRO-captcha
NUF1I81;453536646;955M0602CCS349313        ;10425282003490;2025-09-02 14:37:10;ERRO - invalid-input-response;2025-09-02 14:37:10;ERRO-captcha
NUF7A61;453753701;955M0602CCS349304        ;10425282004896;2025-09-02 14:37:53;ERRO - invalid-input-response;2025-09-02 14:37:53;ERRO-captcha
QBD1J31;1078372036;9C2KD1000GR012310        ;10425282003733;2025-09-02 14:38:36;ERRO - invalid-input-response;2025-09-02 14:38:36;ERRO-captcha
QCD3H81;1178201047;9ADG1133JKM434631        ;10425282003652;2025-09-02 14:39:18;ERRO - invalid-input-response;2025-09-02 14:39:18;ERRO-captcha
OBG5F31;506126838;9EP071230D1001302        ;10425282000122;2025-09-02 14:40:00;ERRO - invalid-input-response;2025-09-02 14:40:00;ERRO-captcha
NUF1G71;453531067;955M0602CCS349316        ;10425282003490;2025-09-02 14:40:43;ERRO - invalid-input-response;2025-09-02 14:40:43;ERRO-captcha
OBH0E21;506222241;9A9S3GRSSD1AH8012        ;10425282000122;2025-09-02 14:41:24;ERRO - invalid-input-response;2025-09-02 14:41:24;ERRO-captcha
OBH6J31;506414639;9A9S3GRS8D1AH8050        ;10425282000122;2025-09-02 14:42:07;ERRO - invalid-input-response;2025-09-02 14:42:07;ERRO-captcha
QCD8A11;1178545846;9C2KD0810KR013969        ;10425282004209;2025-09-02 14:42:47;ERRO - invalid-input-response;2025-09-02 14:42:47;ERRO-captcha
OBH0B31;506217272;9A9S3GRSSD1AH8035        ;10425282000122;2025-09-02 14:43:31;ERRO - invalid-input-response;2025-09-02 14:43:31;ERRO-captcha
NUE6G61;453305598;955B0902CCS349305        ;10425282003490;2025-09-02 14:44:14;ERRO - invalid-input-response;2025-09-02 14:44:14;ERRO-captcha
NUE6G81;453306500;955B0902CCS349306        ;10425282003490;2025-09-02 14:44:56;ERRO - invalid-input-response;2025-09-02 14:44:56;ERRO-captcha
NJT0571;289820324;9A9S21DPSB1AH8422        ;10425282003652;2025-09-02 14:45:37;ERRO - invalid-input-response;2025-09-02 14:45:37;ERRO-captcha
NUD3C41;452321042;955M0602CCS349118        ;33511705991;2025-09-02 14:46:19;ERRO - invalid-input-response;2025-09-02 14:46:19;ERRO-captcha
NUF7E11;453768555;955B0902CCS349347        ;10425282003490;2025-09-02 14:47:04;ERRO - invalid-input-response;2025-09-02 14:47:04;ERRO-captcha
OBA7831;470889128;9A9S11DPSC1AH8823        ;10425282003490;2025-09-02 14:47:46;ERRO - invalid-input-response;2025-09-02 14:47:46;ERRO-captcha
OBB5I41;502988320;9A9BD1742DCDJ5381        ;10425282000122;2025-09-02 14:48:27;ERRO - invalid-input-response;2025-09-02 14:48:27;ERRO-captcha
OBB5A91;504239902;94BB0972CDR019287        ;10425282000122;2025-09-02 14:49:09;ERRO - invalid-input-response;2025-09-02 14:49:09;ERRO-captcha
OBB5B11;504309633;94BB0972CDR019289        ;10425282000122;2025-09-02 14:49:51;ERRO - invalid-input-response;2025-09-02 14:49:51;ERRO-captcha
QCD5F11;1178362598;9ADG0933KKM436209        ;10425282003229;2025-09-02 14:50:33;ERRO - invalid-input-response;2025-09-02 14:50:33;ERRO-captcha
QCE0381;1178721628;9ADG1133KKM436256        ;10425282003229;2025-09-02 14:51:15;ERRO - invalid-input-response;2025-09-02 14:51:15;ERRO-captcha
QCO3F81;1139869989;9BM979026JB083307        ;10425282002095;2025-09-02 14:51:57;ERRO - invalid-input-response;2025-09-02 14:51:57;ERRO-captcha
OBG4D11;506099806;9EP071230D1001505        ;10425282000122;2025-09-02 14:52:39;ERRO - invalid-input-response;2025-09-02 14:52:39;ERRO-captcha
RAV2H51;1288395768;97T0BN442N2008739        ;10425282006597;2025-09-02 14:53:22;ERRO - invalid-input-response;2025-09-02 14:53:22;ERRO-captcha
RAV2H61;1288396098;97TD0N412N2006516        ;10425282006597;2025-09-02 14:54:05;ERRO - invalid-input-response;2025-09-02 14:54:05;ERRO-captcha
RAV2H91;1288396780;97T0BN442N2008738        ;10425282006597;2025-09-02 14:54:49;ERRO - invalid-input-response;2025-09-02 14:54:49;ERRO-captcha
RAV2I21;1288398490;97TRBD442N2001807        ;10425282006597;2025-09-02 14:55:31;ERRO - invalid-input-response;2025-09-02 14:55:31;ERRO-captcha
RAV2I41;1288399194;97T0BN442N2008737        ;10425282006597;2025-09-02 14:56:13;ERRO - invalid-input-response;2025-09-02 14:56:13;ERRO-captcha
RAV3A51;1288404724;97T0BN422N2008734        ;10425282003733;2025-09-02 14:56:53;ERRO - invalid-input-response;2025-09-02 14:56:53;ERRO-captcha
RAV3A71;1288404961;97TD0N412N2006511        ;10425282003733;2025-09-02 14:57:35;ERRO - invalid-input-response;2025-09-02 14:57:35;ERRO-captcha
RAV3A81;1288405224;97TRBD442N2001803        ;10425282003733;2025-09-02 14:58:18;ERRO - invalid-input-response;2025-09-02 14:58:18;ERRO-captcha
QCG4J81;1180118070;9ADG0933KKM436227        ;10425282003490;2025-09-02 14:59:04;ERRO - invalid-input-response;2025-09-02 14:59:04;ERRO-captcha
QCG5A71;1180121055;9ADG1133KKM436228        ;10425282003490;2025-09-02 14:59:45;ERRO - invalid-input-response;2025-09-02 14:59:45;ERRO-captcha
QCG5E41;1180131409;9ADG0933KKM436247        ;10425282003490;2025-09-02 15:00:25;ERRO - invalid-input-response;2025-09-02 15:00:25;ERRO-captcha
QCG5F01;1180133495;9ADG1133KKM436248        ;10425282003490;2025-09-02 15:01:08;ERRO - invalid-input-response;2025-09-02 15:01:08;ERRO-captcha
QCL1E71;1186241885;9ADG1133KKM436240        ;10425282003229;2025-09-02 15:01:52;ERRO - invalid-input-response;2025-09-02 15:01:52;ERRO-captcha
QCL3A61;1219738813;9A9S3GRSKL1AH8013        ;10425282003490;2025-09-02 15:02:36;ERRO - invalid-input-response;2025-09-02 15:02:36;ERRO-captcha
OBG4D91;506005771;9EP071230D1001348        ;10425282000122;2025-09-02 15:03:18;ERRO - invalid-input-response;2025-09-02 15:03:18;ERRO-captcha
NUF7B91;453757413;955M0602CCS349354        ;10425282003490;2025-09-02 15:04:01;ERRO - invalid-input-response;2025-09-02 15:04:01;ERRO-captcha
QCO3F31;1140429504;9ADG0933HJM418572        ;10425282002095;2025-09-02 15:04:45;ERRO - invalid-input-response;2025-09-02 15:04:45;ERRO-captcha
